name,url,category
ラディッシュの育て方・栽培方法 | 植物図鑑,https://lovegreen.net/library/vegetables/p89055/,野菜
プランタークレソンの育て方・栽培方法 | 植物図鑑,https://lovegreen.net/library/vegetables/p343565/,野菜
フキ（蕗）の育て方・栽培方法 | 植物図鑑,https://lovegreen.net/library/vegetables/p123675/,野菜
菜の花（ナバナ）の育て方・栽培方法 | 植物図鑑,https://lovegreen.net/library/vegetables/p125786/,野菜
ウド（独活）の育て方・栽培方法 | 植物図鑑,https://lovegreen.net/library/vegetables/p340186/,野菜
ハバネロの育て方・栽培方法 | 植物図鑑,https://lovegreen.net/library/vegetables/p106192/,野菜
レタスの育て方・栽培方法 | 植物図鑑,https://lovegreen.net/library/vegetables/p89062/,野菜
トマトの育て方・栽培方法 | 植物図鑑,https://lovegreen.net/library/vegetables/p88981/,野菜
ミニトマトの育て方・栽培方法 | 植物図鑑,https://lovegreen.net/library/vegetables/p95435/,野菜
空芯菜（クウシンサイ）の育て方・栽培方法 | 植物図鑑,https://lovegreen.net/library/vegetables/p104297/,野菜
小玉スイカ（コダマスイカ）,https://lovegreen.net/library/vegetables/p125151/,野菜
エシャロットの育て方・栽培方法 | 植物図鑑,https://lovegreen.net/library/vegetables/p95894/,野菜
春菊（シュンギク）の育て方・栽培方法 | 植物図鑑,https://lovegreen.net/library/vegetables/p88938/,野菜
アスパラ菜（オータムポエム）の育て方・栽培方法 | 植物図鑑,https://lovegreen.net/library/vegetables/p322260/,野菜
サトイモ（里芋）の育て方・栽培方法 | 植物図鑑,https://lovegreen.net/library/vegetables/p115772/,野菜
さつまいも（サツマイモ）の育て方・栽培方法 | 植物図鑑,https://lovegreen.net/library/vegetables/p88920/,野菜
四角豆（シカクマメ）の育て方・栽培方法 | 植物図鑑,https://lovegreen.net/library/vegetables/p297347/,野菜
エンドウ（えんどう豆）の育て方・栽培方法 | 植物図鑑,https://lovegreen.net/library/vegetables/p120401/,野菜
サヤエンドウ（絹さや）の育て方・栽培方法 | 植物図鑑,https://lovegreen.net/library/vegetables/p88922/,野菜
二十日大根（はつかだいこん）の育て方・栽培方法 | 植物図鑑,https://lovegreen.net/library/vegetables/p292564/,野菜
ルッコラの育て方・栽培方法 | 植物図鑑,https://lovegreen.net/library/vegetables/p89059/,野菜
カブ（蕪）の育て方・栽培方法 | 植物図鑑,https://lovegreen.net/library/vegetables/p88883/,野菜
ビーツ（テーブルビート）の育て方・栽培方法 | 植物図鑑,https://lovegreen.net/library/vegetables/p120845/,野菜
チンゲンサイ（青梗菜・チンゲン菜）の育て方・栽培方法 | 植物図鑑,https://lovegreen.net/library/vegetables/p104260/,野菜
小松菜（コマツナ）の育て方・栽培方法 | 植物図鑑,https://lovegreen.net/library/vegetables/p99198/,野菜
そら豆（ソラマメ）の育て方・栽培方法 | 植物図鑑,https://lovegreen.net/library/vegetables/p120232/,野菜
プチヴェールの育て方・栽培方法 | 植物図鑑,https://lovegreen.net/library/vegetables/p145913/,野菜
カリフローレ（スティックカリフラワー）の育て方・栽培方法 | 植物図鑑,https://lovegreen.net/library/vegetables/p299466/,野菜
つるむらさき（ツルムラサキ）の育て方・栽培方法 | 植物図鑑,https://lovegreen.net/library/vegetables/p93109/,野菜
モロヘイヤの育て方・栽培方法 | 植物図鑑,https://lovegreen.net/library/vegetables/p89047/,野菜
落花生（ラッカセイ）の育て方・栽培方法 | 植物図鑑,https://lovegreen.net/library/vegetables/p93149/,野菜
花オクラ（トロロアオイ）の育て方・栽培方法 | 植物図鑑,https://lovegreen.net/library/vegetables/p295768/,野菜
パプリカの育て方・栽培方法 | 植物図鑑,https://lovegreen.net/library/vegetables/p89008/,野菜
赤紫蘇（あかじそ）の育て方・栽培方法 | 植物図鑑,https://lovegreen.net/library/vegetables/p297296/,野菜
唐辛子（トウガラシ）の育て方・栽培方法 | 植物図鑑,https://lovegreen.net/library/vegetables/p93117/,野菜
ミョウガ（茗荷）の育て方・栽培方法 | 植物図鑑,https://lovegreen.net/library/vegetables/p93060/,野菜
ニラの育て方・栽培方法 | 植物図鑑,https://lovegreen.net/library/vegetables/p88991/,野菜
三つ葉（ミツバ）の育て方・栽培方法 | 植物図鑑,https://lovegreen.net/library/vegetables/p89041/,野菜
マイクロきゅうり（きゅうりメロン）の育て方・栽培方法 | 植物図鑑,https://lovegreen.net/library/vegetables/p281656/,野菜
シソ（大葉）の育て方・栽培方法 | 植物図鑑,https://lovegreen.net/library/vegetables/p88929/,野菜
ジャガイモ（馬鈴薯）の育て方・栽培方法 | 植物図鑑,https://lovegreen.net/library/vegetables/p88931/,野菜
ゴーヤの育て方・栽培方法 | 植物図鑑,https://lovegreen.net/library/vegetables/p88910/,野菜
えごま（荏胡麻)の育て方・栽培方法 | 植物図鑑,https://lovegreen.net/library/vegetables/p88866/,野菜
ミニズッキーニの育て方・栽培方法 | 植物図鑑,https://lovegreen.net/library/vegetables/p293164/,野菜
ズッキーニの育て方・栽培方法 | 植物図鑑,https://lovegreen.net/library/vegetables/p88948/,野菜
食用ほおずきの育て方・栽培方法 | 植物図鑑,https://lovegreen.net/library/vegetables/p292268/,野菜
スティックセニョールの育て方・栽培方法 | 植物図鑑,https://lovegreen.net/library/vegetables/p291957/,野菜
リーフレタスの育て方・栽培方法 | 植物図鑑,https://lovegreen.net/library/vegetables/p292068/,野菜
ピーマンの育て方・栽培方法 | 植物図鑑,https://lovegreen.net/library/vegetables/p89010/,野菜
キュウリ（胡瓜）の育て方・栽培方法 | 植物図鑑,https://lovegreen.net/library/vegetables/p88893/,野菜
ナス（茄子）の育て方・栽培方法 | 植物図鑑,https://lovegreen.net/library/vegetables/p88986/,野菜
日野菜（日野菜かぶ）の育て方・栽培方法 | 植物図鑑,https://lovegreen.net/library/vegetables/p291378/,野菜
スイスチャードの育て方・栽培方法 | 植物図鑑,https://lovegreen.net/library/vegetables/p98155/,野菜
ニンジン（人参）の育て方・栽培方法 | 植物図鑑,https://lovegreen.net/library/vegetables/p92389/,野菜
ほうれん草（ホウレンソウ）の育て方・栽培方法 | 植物図鑑,https://lovegreen.net/library/vegetables/p93079/,野菜
サイシン（菜心）の育て方・栽培方法 | 植物図鑑,https://lovegreen.net/library/vegetables/p290621/,野菜
のらぼう菜の育て方・栽培方法 | 植物図鑑,https://lovegreen.net/library/vegetables/p288311/,野菜
そうめんかぼちゃ（金糸瓜）の育て方・栽培方法 | 植物図鑑,https://lovegreen.net/library/vegetables/p282117/,野菜
オイスターリーフの育て方・栽培方法 | 植物図鑑,https://lovegreen.net/library/vegetables/p276714/,野菜
紫えんどう（ツタンカーメンえんどう）の育て方・栽培方法 | 植物図鑑,https://lovegreen.net/library/vegetables/p267661/,野菜
枝豆（エダマメ）の育て方・栽培方法 | 植物図鑑,https://lovegreen.net/library/vegetables/p88867/,野菜
イチゴ（苺）の育て方・栽培方法 | 植物図鑑,https://lovegreen.net/library/vegetables/p96408/,野菜
スープセロリの育て方・栽培方法 | 植物図鑑,https://lovegreen.net/library/vegetables/p266481/,野菜
メロンの育て方・栽培方法 | 植物図鑑,https://lovegreen.net/library/vegetables/p89045/,野菜
明日葉(アシタバ)の育て方・栽培方法 | 植物図鑑,https://lovegreen.net/library/vegetables/p120900/,野菜
シシトウの育て方・栽培方法 | 植物図鑑,https://lovegreen.net/library/vegetables/p88928/,野菜
ルバーブの育て方・栽培方法 | 植物図鑑,https://lovegreen.net/library/vegetables/p89060/,野菜
ハヤトウリ（隼人瓜）の育て方・栽培方法 | 植物図鑑,https://lovegreen.net/library/vegetables/p123581/,野菜
アイスプラント（アイスプランツ）の育て方・栽培方法 | 植物図鑑,https://lovegreen.net/library/vegetables/p88842/,野菜
かいわれ大根の育て方・栽培方法 | 植物図鑑,https://lovegreen.net/library/vegetables/p111796/,野菜
水菜(ミズナ)の育て方・栽培方法 | 植物図鑑,https://lovegreen.net/library/vegetables/p99681/,野菜
ゴボウ(牛蒡)の育て方・栽培方法 | 植物図鑑,https://lovegreen.net/library/vegetables/p120446/,野菜
キャベツの育て方・栽培方法 | 植物図鑑,https://lovegreen.net/library/vegetables/p88892/,野菜
わさび（山葵）の育て方・栽培方法 | 植物図鑑,https://lovegreen.net/library/vegetables/p125195/,野菜
ラッキョウの育て方・栽培方法 | 植物図鑑,https://lovegreen.net/library/vegetables/p120805/,野菜
コールラビの育て方・栽培方法 | 植物図鑑,https://lovegreen.net/library/vegetables/p112819/,野菜
カボチャ(南瓜)の育て方・栽培方法 | 植物図鑑,https://lovegreen.net/library/vegetables/p88884/,野菜
セリ（芹）の育て方・栽培方法 | 植物図鑑,https://lovegreen.net/library/vegetables/p101479/,野菜
芽キャベツの育て方・栽培方法 | 植物図鑑,https://lovegreen.net/library/vegetables/p93147/,野菜
スティックブロッコリー（茎ブロッコリー）の育て方・栽培方法 | 植物図鑑,https://lovegreen.net/library/vegetables/p103387/,野菜
菊芋（キクイモ）の育て方・栽培方法 | 植物図鑑,https://lovegreen.net/library/vegetables/p109976/,野菜
カリフラワーの育て方・栽培方法 | 植物図鑑,https://lovegreen.net/library/vegetables/p88889/,野菜
オクラの育て方・栽培方法 | 植物図鑑,https://lovegreen.net/library/vegetables/p88872/,野菜
ネギ（葱）の育て方・栽培方法 | 植物図鑑,https://lovegreen.net/library/vegetables/p108854/,野菜
タマネギ（玉ねぎ)の育て方・栽培方法 | 植物図鑑,https://lovegreen.net/library/vegetables/p93108/,野菜
生姜（ショウガ）の育て方・栽培方法 | 植物図鑑,https://lovegreen.net/library/vegetables/p88939/,野菜
セロリの育て方・栽培方法 | 植物図鑑,https://lovegreen.net/library/vegetables/p88954/,野菜
こんにゃく(蒟蒻)の育て方・栽培方法 | 植物図鑑,https://lovegreen.net/library/vegetables/p128289/,野菜
白菜(ハクサイ)の育て方・栽培方法 | 植物図鑑,https://lovegreen.net/library/vegetables/p93144/,野菜
ブロッコリーの育て方・栽培方法 | 植物図鑑,https://lovegreen.net/library/vegetables/p89023/,野菜
ニンニク（大蒜）の育て方・栽培方法 | 植物図鑑,https://lovegreen.net/library/vegetables/p88992/,野菜
ダイコン（大根）の育て方・栽培方法 | 植物図鑑,https://lovegreen.net/library/vegetables/p93124/,野菜
そば（蕎麦）の育て方・栽培方法 | 植物図鑑,https://lovegreen.net/library/vegetables/p125279/,野菜
小豆(アズキ)の育て方・栽培方法 | 植物図鑑,https://lovegreen.net/library/vegetables/p100616/,野菜
トウモロコシ(とうもろこし)の育て方・栽培方法 | 植物図鑑,https://lovegreen.net/library/vegetables/p88979/,野菜
ワケギ（分葱）の育て方・栽培方法 | 植物図鑑,https://lovegreen.net/library/vegetables/p107598/,野菜
大豆(ダイズ)の育て方・栽培方法 | 植物図鑑,https://lovegreen.net/library/vegetables/p93131/,野菜
スイカ(西瓜)の育て方・栽培方法 | 植物図鑑,https://lovegreen.net/library/vegetables/p88944/,野菜
ブロッコリースプラウトの育て方・栽培方法 | 植物図鑑,https://lovegreen.net/library/vegetables/p89024/,野菜
ケールの育て方・栽培方法 | 植物図鑑,https://lovegreen.net/library/vegetables/p111765/,野菜
オカヒジキの育て方・栽培方法 | 植物図鑑,https://lovegreen.net/library/vegetables/p120234/,野菜
九条ネギの育て方・栽培方法 | 植物図鑑,https://lovegreen.net/library/vegetables/p115919/,野菜
パセリの育て方・栽培方法 | 植物図鑑,https://lovegreen.net/library/vegetables/p89004/,野菜
スナップエンドウの育て方・栽培方法 | 植物図鑑,https://lovegreen.net/library/vegetables/p120233/,野菜
クレソンの育て方・栽培方法 | 植物図鑑,https://lovegreen.net/library/vegetables/p88904/,野菜
ロマネスコの育て方・栽培方法 | 植物図鑑,https://lovegreen.net/library/vegetables/p94959/,野菜
ベビーリーフの育て方・栽培方法 | 植物図鑑,https://lovegreen.net/library/vegetables/p89028/,野菜
くわい(クワイ・慈姑)の育て方・栽培方法 | 植物図鑑,https://lovegreen.net/library/vegetables/p121901/,野菜
タアサイ(ターサイ)の育て方・栽培方法 | 植物図鑑,https://lovegreen.net/library/vegetables/p115353/,野菜
ヤーコンの育て方・栽培方法 | 植物図鑑,https://lovegreen.net/library/vegetables/p95149/,野菜
マクワウリ(まくわうり・真桑瓜)の育て方・栽培方法 | 植物図鑑,https://lovegreen.net/library/vegetables/p139053/,野菜
アーティチョークの育て方・栽培方法 | 植物図鑑,https://lovegreen.net/library/vegetables/p96163/,野菜
アサツキ(あさつき・浅葱)の育て方・栽培方法 | 植物図鑑,https://lovegreen.net/library/vegetables/p120416/,野菜
エシャレットの育て方・栽培方法 | 植物図鑑,https://lovegreen.net/library/vegetables/p120803/,野菜
おかのりの育て方・栽培方法 | 植物図鑑,https://lovegreen.net/library/vegetables/p124823/,野菜
ちょろぎ(チョロギ)の育て方・栽培方法 | 植物図鑑,https://lovegreen.net/library/vegetables/p124583/,野菜
たらの芽の育て方・栽培方法 | 植物図鑑,https://lovegreen.net/library/vegetables/p124000/,野菜
チコリー(アンディーブ)の育て方・栽培方法 | 植物図鑑,https://lovegreen.net/library/vegetables/p120683/,野菜
わさび菜(ワサビナ)の育て方・栽培方法 | 植物図鑑,https://lovegreen.net/library/vegetables/p119908/,野菜
野沢菜（のざわな）の育て方・栽培方法 | 植物図鑑,https://lovegreen.net/library/vegetables/p125790/,野菜
冬瓜(とうがん)の育て方・栽培方法 | 植物図鑑,https://lovegreen.net/library/vegetables/p121945/,野菜
スプラウトの育て方・栽培方法 | 植物図鑑,https://lovegreen.net/library/vegetables/p121436/,野菜
ヘチマ(糸瓜)の育て方・栽培方法 | 植物図鑑,https://lovegreen.net/library/vegetables/p123499/,野菜
アスパラガスの育て方・栽培方法 | 植物図鑑,https://lovegreen.net/library/vegetables/p88851/,野菜
いんげん豆(インゲンマメ)の育て方・栽培方法 | 植物図鑑,https://lovegreen.net/library/vegetables/p102372/,野菜
サンチュの育て方・栽培方法 | 植物図鑑,https://lovegreen.net/library/vegetables/p100625/,野菜
高菜(タカナ・たか菜)の育て方・栽培方法 | 植物図鑑,https://lovegreen.net/library/vegetables/p120049/,野菜
黒キャベツの育て方・栽培方法 | 植物図鑑,https://lovegreen.net/library/vegetables/p101881/,野菜
パイナップルの育て方・栽培方法 | 植物図鑑,https://lovegreen.net/library/vegetables/p88995/,野菜
ユリ根(ゆり根・百合根)の育て方・栽培方法 | 植物図鑑,https://lovegreen.net/library/vegetables/p121510/,野菜
リーキ(ポロネギ・ポワロー)の育て方・栽培方法 | 植物図鑑,https://lovegreen.net/library/vegetables/p121241/,野菜
エンダイブ(チコレ)の育て方・栽培方法 | 植物図鑑,https://lovegreen.net/library/vegetables/p120708/,野菜
からし菜(カラシナ・芥子菜)の育て方・栽培方法 | 植物図鑑,https://lovegreen.net/library/vegetables/p119936/,野菜
アボカドの育て方・栽培方法 | 植物図鑑,https://lovegreen.net/library/vegetables/p105864/,野菜
ロメインレタスの育て方・栽培方法 | 植物図鑑,https://lovegreen.net/library/vegetables/p97240/,野菜
ブドウの育て方・栽培方法 | 植物図鑑,https://lovegreen.net/library/fruit-tree/p123444/,果樹
カボスの育て方・栽培方法 | 植物図鑑,https://lovegreen.net/library/fruit-tree/p343704/,果樹
サンザシ（山査子）の育て方・栽培方法 | 植物図鑑,https://lovegreen.net/library/fruit-tree/p106179/,果樹
フサスグリ（レッドカラント）の育て方・栽培方法 | 植物図鑑,https://lovegreen.net/library/fruit-tree/p197564/,果樹
ユスラウメの育て方・栽培方法 | 植物図鑑,https://lovegreen.net/library/fruit-tree/p124699/,果樹
モモ（桃）の育て方・栽培方法 | 植物図鑑,https://lovegreen.net/library/fruit-tree/p89046/,果樹
ビワ（枇杷）の育て方・栽培方法 | 植物図鑑,https://lovegreen.net/library/fruit-tree/p108852/,果樹
プルーンの育て方・栽培方法 | 植物図鑑,https://lovegreen.net/library/fruit-tree/p89021/,果樹
ザクロ（石榴・柘榴）の育て方・栽培方法 | 植物図鑑,https://lovegreen.net/library/fruit-tree/p88917/,果樹
アケビ（木通）の育て方・栽培方法 | 植物図鑑,https://lovegreen.net/library/fruit-tree/p88846/,果樹
ミカン（蜜柑）の育て方・栽培方法 | 植物図鑑,https://lovegreen.net/library/fruit-tree/p92201/,果樹
グァバの育て方・栽培方法 | 植物図鑑,https://lovegreen.net/library/fruit-tree/p328188/,果樹
イチゴノキの育て方・栽培方法 | 植物図鑑,https://lovegreen.net/library/fruit-tree/p227393/,果樹
レモン（檸檬）の育て方・栽培方法 | 植物図鑑,https://lovegreen.net/library/fruit-tree/p105957/,果樹
キンカン（金柑）の育て方・栽培方法 | 植物図鑑,https://lovegreen.net/library/fruit-tree/p88894/,果樹
イチジク（無花果）の育て方・栽培方法 | 植物図鑑,https://lovegreen.net/library/fruit-tree/p106219/,果樹
クランベリー（ツルコケモモ）の育て方・栽培方法 | 植物図鑑,https://lovegreen.net/library/fruit-tree/p88900/,果樹
ナワシロイチゴの育て方・栽培方法 | 植物図鑑,https://lovegreen.net/library/fruit-tree/p321488/,果樹
姫りんご（姫林檎）の育て方・栽培方法 | 植物図鑑,https://lovegreen.net/library/fruit-tree/p308957/,果樹
柿（カキ）の育て方・栽培方法 | 植物図鑑,https://lovegreen.net/library/fruit-tree/p88879/,果樹
コケモモ（リンゴンベリー）の育て方・栽培方法 | 植物図鑑,https://lovegreen.net/library/fruit-tree/p91771/,果樹
ブラックベリーの育て方・栽培方法 | 植物図鑑,https://lovegreen.net/library/fruit-tree/p95855/,果樹
ジューンベリーの育て方・栽培方法 | 植物図鑑,https://lovegreen.net/library/fruit-tree/p88937/,果樹
ミラクルフルーツの育て方・栽培方法 | 植物図鑑,https://lovegreen.net/library/fruit-tree/p278319/,果樹
柚子（ゆず）の育て方・栽培方法 | 植物図鑑,https://lovegreen.net/library/fruit-tree/p91166/,果樹
キウイフルーツの育て方・栽培方法 | 植物図鑑,https://lovegreen.net/library/fruit-tree/p106644/,果樹
アンズ(杏子)の育て方・栽培方法 | 植物図鑑,https://lovegreen.net/library/fruit-tree/p123855/,果樹
オリーブの育て方・栽培方法 | 植物図鑑,https://lovegreen.net/library/fruit-tree/p88875/,果樹
カリンの育て方・栽培方法 | 植物図鑑,https://lovegreen.net/library/fruit-tree/p215661/,果樹
パッションフルーツの育て方・栽培方法 | 植物図鑑,https://lovegreen.net/library/fruit-tree/p89005/,果樹
ライムの育て方・栽培方法 | 植物図鑑,https://lovegreen.net/library/fruit-tree/p89053/,果樹
グーズベリーの育て方・栽培方法 | 植物図鑑,https://lovegreen.net/library/fruit-tree/p198329/,果樹
フェイジョアの育て方・栽培方法 | 植物図鑑,https://lovegreen.net/library/fruit-tree/p89016/,果樹
ドラゴンフルーツの育て方・栽培方法 | 植物図鑑,https://lovegreen.net/library/fruit-tree/p88982/,果樹
マルメロの育て方・栽培方法 | 植物図鑑,https://lovegreen.net/library/fruit-tree/p124711/,果樹
桑（マルベリー）の育て方・栽培方法 | 植物図鑑,https://lovegreen.net/library/fruit-tree/p124682/,果樹
カシス（クロスグリ）の育て方・栽培方法 | 植物図鑑,https://lovegreen.net/library/fruit-tree/p123849/,果樹
ラズベリーの育て方・栽培方法 | 植物図鑑,https://lovegreen.net/library/fruit-tree/p106032/,果樹
マンゴーの育て方・栽培方法 | 植物図鑑,https://lovegreen.net/library/fruit-tree/p89040/,果樹
バナナの育て方・栽培方法 | 植物図鑑,https://lovegreen.net/library/fruit-tree/p89006/,果樹
グレープフルーツの育て方・栽培方法 | 植物図鑑,https://lovegreen.net/library/fruit-tree/p88903/,果樹
さくらんぼの育て方・栽培方法 | 植物図鑑,https://lovegreen.net/library/fruit-tree/p108853/,果樹
ポポーの育て方・栽培方法 | 植物図鑑,https://lovegreen.net/library/fruit-tree/p106205/,果樹
サルナシの育て方・栽培方法 | 植物図鑑,https://lovegreen.net/library/fruit-tree/p92024/,果樹
ジャボチカバの育て方・栽培方法 | 植物図鑑,https://lovegreen.net/library/fruit-tree/p88936/,果樹
ネジバナの育て方・栽培方法 | 植物図鑑,https://lovegreen.net/library/flower/p125003/,花
ほおずきの育て方・栽培方法 | 植物図鑑,https://lovegreen.net/library/flower/p92214/,花
スミレの育て方・栽培方法 | 植物図鑑,https://lovegreen.net/library/flower/p88952/,花
キョウカノコの育て方・栽培方法 | 植物図鑑,https://lovegreen.net/library/flower/p127648/,花
キキョウの育て方・栽培方法 | 植物図鑑,https://lovegreen.net/library/flower/p113463/,花
朝顔の育て方・栽培方法 | 植物図鑑,https://lovegreen.net/library/flower/p88847/,花
マリーゴールドの育て方・栽培方法 | 植物図鑑,https://lovegreen.net/library/flower/p89039/,花
ハナアロエ（ブルビネ）の育て方・栽培方法 | 植物図鑑,https://lovegreen.net/library/flower/p346565/,花
ネペタ・ブルードリームスの育て方・栽培方法 | 植物図鑑,https://lovegreen.net/library/flower/p346557/,花
ナンテンハギの育て方・栽培方法 | 植物図鑑,https://lovegreen.net/library/flower/p346382/,花
アガスターシェ,https://lovegreen.net/library/flower/p126417/,花
オルレア（オルラヤ）,https://lovegreen.net/library/flower/p125162/,花
ペンステモン・ハスカーレッドの育て方・栽培方法 | 植物図鑑,https://lovegreen.net/library/flower/p345842/,花
ペンステモン・ダークタワーズの育て方・栽培方法 | 植物図鑑,https://lovegreen.net/library/flower/p345768/,花
リシマキアの育て方・栽培方法 | 植物図鑑,https://lovegreen.net/library/flower/p345246/,花
ノカンゾウの育て方・栽培方法 | 植物図鑑,https://lovegreen.net/library/flower/p345034/,花
タケニグサの育て方・栽培方法 | 植物図鑑,https://lovegreen.net/library/flower/p344999/,花
ヤブカンゾウの育て方・栽培方法 | 植物図鑑,https://lovegreen.net/library/flower/p344953/,花
エノコログサの育て方・栽培方法 | 植物図鑑,https://lovegreen.net/library/flower/p344627/,花
ヤブガラシの育て方・栽培方法 | 植物図鑑,https://lovegreen.net/library/flower/p344584/,花
イモカタバミの育て方・栽培方法 | 植物図鑑,https://lovegreen.net/library/flower/p344511/,花
ムラサキカタバミの育て方・栽培方法 | 植物図鑑,https://lovegreen.net/library/flower/p344503/,花
フロックス・チェリーキャラメルの育て方・栽培方法 | 植物図鑑,https://lovegreen.net/library/flower/p344338/,花
ミヤマカタバミの育て方・栽培方法 | 植物図鑑,https://lovegreen.net/library/flower/p127533/,花
ナンバンギセルの育て方・栽培方法 | 植物図鑑,https://lovegreen.net/library/flower/p343708/,花
アメリカフウロの育て方・栽培方法 | 植物図鑑,https://lovegreen.net/library/flower/p343670/,花
トキワツユクサ（ミドリハカタカラクサ）の育て方・栽培方法 | 植物図鑑,https://lovegreen.net/library/flower/p343661/,花
ヒヨドリジョウゴの育て方・栽培方法 | 植物図鑑,https://lovegreen.net/library/flower/p343068/,花
エイザンスミレの育て方・栽培方法 | 植物図鑑,https://lovegreen.net/library/flower/p127259/,花
ツリガネニンジンの育て方・栽培方法 | 植物図鑑,https://lovegreen.net/library/flower/p343066/,花
アカツメクサ（ムラサキツメクサ）の育て方・栽培方法 | 植物図鑑,https://lovegreen.net/library/flower/p343065/,花
コメツブツメクサの育て方・栽培方法 | 植物図鑑,https://lovegreen.net/library/flower/p341503/,花
オオバコの育て方・栽培方法 | 植物図鑑,https://lovegreen.net/library/flower/p341434/,花
クレピス（桃色タンポポ）の育て方・栽培方法 | 植物図鑑,https://lovegreen.net/library/flower/p127545/,花
ヒメウズの育て方・栽培方法 | 植物図鑑,https://lovegreen.net/library/flower/p341177/,花
ハナビシソウ（カリフォルニアポピー）の育て方・栽培方法 | 植物図鑑,https://lovegreen.net/library/flower/p114908/,花
コスミレの育て方・栽培方法 | 植物図鑑,https://lovegreen.net/library/flower/p340576/,花
ヨモギ（蓬）の育て方・栽培方法 | 植物図鑑,https://lovegreen.net/library/flower/p123802/,花
カスマグサの育て方・栽培方法 | 植物図鑑,https://lovegreen.net/library/flower/p340513/,花
カタバミの育て方・栽培方法 | 植物図鑑,https://lovegreen.net/library/flower/p124413/,花
ゴデチアの育て方・栽培方法 | 植物図鑑,https://lovegreen.net/library/flower/p127415/,花
オドリコソウの育て方・栽培方法 | 植物図鑑,https://lovegreen.net/library/flower/p340296/,花
キレンゲショウマの育て方・栽培方法 | 植物図鑑,https://lovegreen.net/library/flower/p340177/,花
ヤマシャクヤク（山芍薬）の育て方・栽培方法 | 植物図鑑,https://lovegreen.net/library/flower/p340188/,花
ナヨクサフジの育て方・栽培方法 | 植物図鑑,https://lovegreen.net/library/flower/p340156/,花
パンダスミレ（ツタスミレ）の育て方・栽培方法 | 植物図鑑,https://lovegreen.net/library/flower/p127245/,花
ディアスキアの育て方・栽培方法 | 植物図鑑,https://lovegreen.net/library/flower/p127086/,花
ミツバツチグリの育て方・栽培方法 | 植物図鑑,https://lovegreen.net/library/flower/p339926/,花
フウチソウ（風知草）の育て方・栽培方法 | 植物図鑑,https://lovegreen.net/library/flower/p115338/,花
ムシトリナデシコ（虫取撫子）の育て方・栽培方法 | 植物図鑑,https://lovegreen.net/library/flower/p127524/,花
レンゲショウマの育て方・栽培方法 | 植物図鑑,https://lovegreen.net/library/flower/p125170/,花
アメリカンブルー（エボルブルス）の育て方・栽培方法 | 植物図鑑,https://lovegreen.net/library/flower/p108840/,花
レウイシアの育て方・栽培方法 | 植物図鑑,https://lovegreen.net/library/flower/p126426/,花
キジムシロの育て方・栽培方法 | 植物図鑑,https://lovegreen.net/library/flower/p339611/,花
ニオイスミレの育て方・栽培方法 | 植物図鑑,https://lovegreen.net/library/flower/p126287/,花
タチツボスミレの育て方・栽培方法 | 植物図鑑,https://lovegreen.net/library/flower/p126278/,花
コエビソウの育て方・栽培方法 | 植物図鑑,https://lovegreen.net/library/flower/p127386/,花
レンゲソウ（蓮華草）の育て方・栽培方法 | 植物図鑑,https://lovegreen.net/library/flower/p125017/,花
アザミ（薊）の育て方・栽培方法 | 植物図鑑,https://lovegreen.net/library/flower/p124376/,花
ノアザミ（野薊）の育て方・栽培方法 | 植物図鑑,https://lovegreen.net/library/flower/p127525/,花
ヒトリシズカ（一人静）の育て方・栽培方法 | 植物図鑑,https://lovegreen.net/library/flower/p124520/,花
マロウの育て方・栽培方法 | 植物図鑑,https://lovegreen.net/library/flower/p127068/,花
ハハコグサ（母子草）の育て方・栽培方法 | 植物図鑑,https://lovegreen.net/library/flower/p339197/,花
ハコベ（はこべら）の育て方・栽培方法 | 植物図鑑,https://lovegreen.net/library/flower/p339195/,花
キャットミント（ネペタ）の育て方・栽培方法 | 植物図鑑,https://lovegreen.net/library/flower/p125570/,花
ツキヌキニンドウの育て方・栽培方法 | 植物図鑑,https://lovegreen.net/library/flower/p338860/,花
ヒメジョオンの育て方・栽培方法 | 植物図鑑,https://lovegreen.net/library/flower/p338843/,花
カンザキアヤメの育て方・栽培方法 | 植物図鑑,https://lovegreen.net/library/flower/p123230/,花
ナズナ（タラスピ）の育て方・栽培方法 | 植物図鑑,https://lovegreen.net/library/flower/p167467/,花
カラミンサの育て方・栽培方法 | 植物図鑑,https://lovegreen.net/library/flower/p126283/,花
オンファロデス・リニフォリアの育て方・栽培方法 | 植物図鑑,https://lovegreen.net/library/flower/p119285/,花
アストランティアの育て方・栽培方法 | 植物図鑑,https://lovegreen.net/library/flower/p127521/,花
ヒナゲシの育て方・栽培方法 | 植物図鑑,https://lovegreen.net/library/flower/p124683/,花
マリーゴールド・ストロベリーブロンドの育て方・栽培方法 | 植物図鑑,https://lovegreen.net/library/flower/p338366/,花
ヒソップの育て方・栽培方法 | 植物図鑑,https://lovegreen.net/library/flower/p126779/,花
アイリスの育て方・栽培方法 | 植物図鑑,https://lovegreen.net/library/flower/p123337/,花
ホトケノザの育て方・栽培方法 | 植物図鑑,https://lovegreen.net/library/flower/p127510/,花
スイートピー・アズレウスの育て方・栽培方法 | 植物図鑑,https://lovegreen.net/library/flower/p338291/,花
シャガの育て方・栽培方法 | 植物図鑑,https://lovegreen.net/library/flower/p107664/,花
アルケミラモリスの育て方・栽培方法 | 植物図鑑,https://lovegreen.net/library/flower/p126631/,花
アヤメの育て方・栽培方法 | 植物図鑑,https://lovegreen.net/library/flower/p106255/,花
ワレモコウ（吾亦紅）の育て方・栽培方法 | 植物図鑑,https://lovegreen.net/library/flower/p123845/,花
ナスタチウム（キンレンカ）の育て方・栽培方法 | 植物図鑑,https://lovegreen.net/library/flower/p90949/,花
フクジュソウ（福寿草）の育て方・栽培方法 | 植物図鑑,https://lovegreen.net/library/flower/p92614/,花
パンジーの育て方・栽培方法 | 植物図鑑,https://lovegreen.net/library/flower/p89009/,花
プルモナリアの育て方・栽培方法 | 植物図鑑,https://lovegreen.net/library/flower/p127094/,花
テマリソウの育て方・栽培方法 | 植物図鑑,https://lovegreen.net/library/flower/p126644/,花
ネメシアの育て方・栽培方法 | 植物図鑑,https://lovegreen.net/library/flower/p124227/,花
ノコンギク（野紺菊）の育て方・栽培方法 | 植物図鑑,https://lovegreen.net/library/flower/p336896/,花
スイートピーの育て方・栽培方法 | 植物図鑑,https://lovegreen.net/library/flower/p88943/,花
イワシャジン（岩沙参）の育て方・栽培方法 | 植物図鑑,https://lovegreen.net/library/flower/p126773/,花
矢車草（ヤグルマソウ）の育て方・栽培方法 | 植物図鑑,https://lovegreen.net/library/flower/p107459/,花
ビオラの育て方・栽培方法 | 植物図鑑,https://lovegreen.net/library/flower/p89011/,花
セリ・フラミンゴの育て方・栽培方法 | 植物図鑑,https://lovegreen.net/library/flower/p282226/,花
ミヤコワスレ（都忘れ）の育て方・栽培方法 | 植物図鑑,https://lovegreen.net/library/flower/p92582/,花
クリサンセマム・ムルチコーレの育て方・栽培方法 | 植物図鑑,https://lovegreen.net/library/flower/p127613/,花
ロシアンセージの育て方・栽培方法 | 植物図鑑,https://lovegreen.net/library/flower/p166420/,花
セントポーリアの育て方・栽培方法 | 植物図鑑,https://lovegreen.net/library/flower/p91530/,花
ユーパトリウムの育て方・栽培方法 | 植物図鑑,https://lovegreen.net/library/flower/p336506/,花
オオイヌノフグリの育て方・栽培方法 | 植物図鑑,https://lovegreen.net/library/flower/p124418/,花
ポピーの育て方・栽培方法 | 植物図鑑,https://lovegreen.net/library/flower/p89037/,花
グラジオラスの育て方・栽培方法 | 植物図鑑,https://lovegreen.net/library/flower/p88899/,花
ネコノヒゲの育て方・栽培方法 | 植物図鑑,https://lovegreen.net/library/flower/p114095/,花
ベロニカ・オックスフォードブルーの育て方・栽培方法 | 植物図鑑,https://lovegreen.net/library/flower/p127383/,花
チゴユリの育て方・栽培方法 | 植物図鑑,https://lovegreen.net/library/flower/p335862/,花
フォックスフェイスの育て方・栽培方法 | 植物図鑑,https://lovegreen.net/library/flower/p335639/,花
リアトリスの育て方・栽培方法 | 植物図鑑,https://lovegreen.net/library/flower/p125579/,花
エーデルワイスの育て方・栽培方法 | 植物図鑑,https://lovegreen.net/library/flower/p123456/,花
ジャーマンアイリスの育て方・栽培方法 | 植物図鑑,https://lovegreen.net/library/flower/p90934/,花
プリムラ・ジュリアンの育て方・栽培方法 | 植物図鑑,https://lovegreen.net/library/flower/p89020/,花
ヒメオドリコソウの育て方・栽培方法 | 植物図鑑,https://lovegreen.net/library/flower/p335538/,花
ガガイモの育て方・栽培方法 | 植物図鑑,https://lovegreen.net/library/flower/p335360/,花
ストケシアの育て方・栽培方法 | 植物図鑑,https://lovegreen.net/library/flower/p126436/,花
ゼラニウムの育て方・栽培方法 | 植物図鑑,https://lovegreen.net/library/flower/p91411/,花
ローダンセの育て方・栽培方法 | 植物図鑑,https://lovegreen.net/library/flower/p125371/,花
花かんざしの育て方・栽培方法 | 植物図鑑,https://lovegreen.net/library/flower/p124713/,花
カンパニュラ・ラクチフローラの育て方・栽培方法 | 植物図鑑,https://lovegreen.net/library/flower/p334574/,花
サイネリアの育て方・栽培方法 | 植物図鑑,https://lovegreen.net/library/flower/p88916/,花
皇帝ダリアの育て方・栽培方法 | 植物図鑑,https://lovegreen.net/library/flower/p93222/,花
プリムラ・オブコニカの育て方・栽培方法 | 植物図鑑,https://lovegreen.net/library/flower/p127529/,花
ヤグルマギク（矢車菊）の育て方・栽培方法 | 植物図鑑,https://lovegreen.net/library/flower/p107538/,花
ゲラニウム・ロザンネイの育て方・栽培方法 | 植物図鑑,https://lovegreen.net/library/flower/p334076/,花
メランポジウムの育て方・栽培方法 | 植物図鑑,https://lovegreen.net/library/flower/p126884/,花
ストレプトカーパスの育て方・栽培方法 | 植物図鑑,https://lovegreen.net/library/flower/p125567/,花
コキアの育て方・栽培方法 | 植物図鑑,https://lovegreen.net/library/flower/p88912/,花
フジアザミの育て方・栽培方法 | 植物図鑑,https://lovegreen.net/library/flower/p333733/,花
ペチュニアの育て方・栽培方法 | 植物図鑑,https://lovegreen.net/library/flower/p89026/,花
ナガミヒナゲシの育て方・栽培方法 | 植物図鑑,https://lovegreen.net/library/flower/p333263/,花
水引（ミズヒキ）の育て方・栽培方法 | 植物図鑑,https://lovegreen.net/library/flower/p218506/,花
バイモユリの育て方・栽培方法 | 植物図鑑,https://lovegreen.net/library/flower/p332880/,花
ボッグセージ（サルビア・ウルギノーサ）の育て方・栽培方法 | 植物図鑑,https://lovegreen.net/library/flower/p204304/,花
カタクリ（片栗）の育て方・栽培方法 | 植物図鑑,https://lovegreen.net/library/flower/p106698/,花
サンカヨウ（山荷葉）の育て方・栽培方法 | 植物図鑑,https://lovegreen.net/library/flower/p124945/,花
フランネルソウの育て方・栽培方法 | 植物図鑑,https://lovegreen.net/library/flower/p331860/,花
カリガネソウの育て方・栽培方法 | 植物図鑑,https://lovegreen.net/library/flower/p126870/,花
葛（クズ）の育て方・栽培方法 | 植物図鑑,https://lovegreen.net/library/flower/p127508/,花
アスクレピアスの育て方・栽培方法 | 植物図鑑,https://lovegreen.net/library/flower/p127092/,花
チョコレートコスモスの育て方・栽培方法 | 植物図鑑,https://lovegreen.net/library/flower/p91520/,花
ロベリアの育て方・栽培方法 | 植物図鑑,https://lovegreen.net/library/flower/p91539/,花
チューベローズの育て方・栽培方法 | 植物図鑑,https://lovegreen.net/library/flower/p125160/,花
ユリオプスデージーの育て方・栽培方法 | 植物図鑑,https://lovegreen.net/library/flower/p125366/,花
ベゴニアの育て方・栽培方法 | 植物図鑑,https://lovegreen.net/library/flower/p89025/,花
ハマシオン（ウラギク）の育て方・栽培方法 | 植物図鑑,https://lovegreen.net/library/flower/p330573/,花
コリウスの育て方・栽培方法 | 植物図鑑,https://lovegreen.net/library/flower/p92131/,花
アキノキリンソウ(秋の麒麟草)の育て方・栽培方法 | 植物図鑑,https://lovegreen.net/library/flower/p127526/,花
ハナトラノオの育て方・栽培方法 | 植物図鑑,https://lovegreen.net/library/flower/p126608/,花
クルクマの育て方・栽培方法 | 植物図鑑,https://lovegreen.net/library/flower/p125159/,花
ハゲイトウ（葉鶏頭）の育て方・栽培方法 | 植物図鑑,https://lovegreen.net/library/flower/p126334/,花
ホウセンカ（鳳仙花）の育て方・栽培方法 | 植物図鑑,https://lovegreen.net/library/flower/p92064/,花
ユウゼンギク（友禅菊）の育て方・栽培方法 | 植物図鑑,https://lovegreen.net/library/flower/p127392/,花
ハマナスの育て方・栽培方法 | 植物図鑑,https://lovegreen.net/library/flower/p91193/,花
トルコキキョウの育て方・栽培方法 | 植物図鑑,https://lovegreen.net/library/flower/p91497/,花
ルコウソウ（縷紅草）の育て方・栽培方法 | 植物図鑑,https://lovegreen.net/library/flower/p125560/,花
月見草（ツキミソウ）の育て方・栽培方法 | 植物図鑑,https://lovegreen.net/library/flower/p124377/,花
クレオメの育て方・栽培方法 | 植物図鑑,https://lovegreen.net/library/flower/p125536/,花
マツヨイグサ（待宵草）の育て方・栽培方法 | 植物図鑑,https://lovegreen.net/library/flower/p127517/,花
ヤツシロソウ（カンパニュラ・グロメラータ）の育て方・栽培方法 | 植物図鑑,https://lovegreen.net/library/flower/p127534/,花
オミナエシ（女郎花）の育て方・栽培方法 | 植物図鑑,https://lovegreen.net/library/flower/p124416/,花
シオン（紫苑）の育て方・栽培方法 | 植物図鑑,https://lovegreen.net/library/flower/p123438/,花
アルストロメリアの育て方・栽培方法 | 植物図鑑,https://lovegreen.net/library/flower/p88855/,花
ヘレニウムの育て方・栽培方法 | 植物図鑑,https://lovegreen.net/library/flower/p126761/,花
カワラナデシコ（河原撫子）の育て方・栽培方法 | 植物図鑑,https://lovegreen.net/library/flower/p126294/,花
フウセントウワタの育て方・栽培方法 | 植物図鑑,https://lovegreen.net/library/flower/p126333/,花
ヒオウギ（檜扇）の育て方・栽培方法 | 植物図鑑,https://lovegreen.net/library/flower/p125164/,花
クロコスミア（ヒメヒオウギスイセン）の育て方・栽培方法 | 植物図鑑,https://lovegreen.net/library/flower/p127073/,花
トリトマの育て方・栽培方法 | 植物図鑑,https://lovegreen.net/library/flower/p126612/,花
スネールフラワーの育て方・栽培方法 | 植物図鑑,https://lovegreen.net/library/flower/p127938/,花
紅花（ベニバナ）の育て方・栽培方法 | 植物図鑑,https://lovegreen.net/library/flower/p123846/,花
ミソハギの育て方・栽培方法 | 植物図鑑,https://lovegreen.net/library/flower/p92607/,花
サンビタリアの育て方・栽培方法 | 植物図鑑,https://lovegreen.net/library/flower/p328060/,花
サルビア・パテンスの育て方・栽培方法 | 植物図鑑,https://lovegreen.net/library/flower/p328049/,花
ナデシコ（撫子）の育て方・栽培方法 | 植物図鑑,https://lovegreen.net/library/flower/p88987/,花
ススキ（薄・芒）の育て方・栽培方法 | 植物図鑑,https://lovegreen.net/library/flower/p123971/,花
シュウカイドウ（秋海棠）の育て方・栽培方法 | 植物図鑑,https://lovegreen.net/library/flower/p124458/,花
ダチュラ（朝鮮朝顔）の育て方・栽培方法 | 植物図鑑,https://lovegreen.net/library/flower/p123467/,花
ツユクサ（露草）の育て方・栽培方法 | 植物図鑑,https://lovegreen.net/library/flower/p106915/,花
ディエテス（常緑アヤメ）の育て方・栽培方法 | 植物図鑑,https://lovegreen.net/library/flower/p327798/,花
ペタロステマム・ステファニーの育て方・栽培方法 | 植物図鑑,https://lovegreen.net/library/flower/p327567/,花
マツバギク（松葉菊）の育て方・栽培方法 | 植物図鑑,https://lovegreen.net/library/flower/p124989/,花
ニワゼキショウの育て方・栽培方法 | 植物図鑑,https://lovegreen.net/library/flower/p125578/,花
タツナミソウ（立浪草）の育て方・栽培方法 | 植物図鑑,https://lovegreen.net/library/flower/p125568/,花
壺型クレマチスの育て方・栽培方法 | 植物図鑑,https://lovegreen.net/library/flower/p327312/,花
ヘリクリサム（ムギワラギク、帝王貝細工）の育て方・栽培方法 | 植物図鑑,https://lovegreen.net/library/flower/p92594/,花
スカビオサ（マツムシソウ）の育て方・栽培方法 | 植物図鑑,https://lovegreen.net/library/flower/p124948/,花
月桃（ゲットウ）の育て方・栽培方法 | 植物図鑑,https://lovegreen.net/library/flower/p107589/,花
トケイソウ（時計草）の育て方・栽培方法 | 植物図鑑,https://lovegreen.net/library/flower/p124695/,花
ヒルガオ（昼顔）の育て方・栽培方法 | 植物図鑑,https://lovegreen.net/library/flower/p127507/,花
夕顔（ユウガオ）の育て方・栽培方法 | 植物図鑑,https://lovegreen.net/library/flower/p93090/,花
リュウキンカの育て方・栽培方法 | 植物図鑑,https://lovegreen.net/library/flower/p326757/,花
ペンタスの育て方・栽培方法 | 植物図鑑,https://lovegreen.net/library/flower/p91849/,花
ヘリオプシスの育て方・栽培方法 | 植物図鑑,https://lovegreen.net/library/flower/p326700/,花
ニーレンベルギアの育て方・栽培方法 | 植物図鑑,https://lovegreen.net/library/flower/p126877/,花
オシロイバナの育て方・栽培方法 | 植物図鑑,https://lovegreen.net/library/flower/p106819/,花
ホタルブクロ（蛍袋）の育て方・栽培方法 | 植物図鑑,https://lovegreen.net/library/flower/p108510/,花
キキョウソウの育て方・栽培方法 | 植物図鑑,https://lovegreen.net/library/flower/p326326/,花
ギボウシ（ホスタ）の育て方・栽培方法 | 植物図鑑,https://lovegreen.net/library/flower/p91959/,花
エキザカムの育て方・栽培方法 | 植物図鑑,https://lovegreen.net/library/flower/p126606/,花
ミショウキシア・カンパニュロイデスの育て方・栽培方法 | 植物図鑑,https://lovegreen.net/library/flower/p326020/,花
グレコマ（カキドオシ）の育て方・栽培方法 | 植物図鑑,https://lovegreen.net/library/flower/p126422/,花
マトリカリアの育て方・栽培方法 | 植物図鑑,https://lovegreen.net/library/flower/p125337/,花
エンレイソウ（延齢草）の育て方・栽培方法 | 植物図鑑,https://lovegreen.net/library/flower/p126269/,花
バイカカラマツの育て方・栽培方法 | 植物図鑑,https://lovegreen.net/library/flower/p325574/,花
カキツバタの育て方・栽培方法 | 植物図鑑,https://lovegreen.net/library/flower/p108017/,花
花菖蒲（ハナショウブ）の育て方・栽培方法 | 植物図鑑,https://lovegreen.net/library/flower/p124708/,花
バイカイカリソウの育て方・栽培方法 | 植物図鑑,https://lovegreen.net/library/flower/p127928/,花
ショウジョウバカマの育て方・栽培方法 | 植物図鑑,https://lovegreen.net/library/flower/p325458/,花
スイカズラ（ハニーサックル）の育て方・栽培方法 | 植物図鑑,https://lovegreen.net/library/flower/p124693/,花
ハルジオンの育て方・栽培方法 | 植物図鑑,https://lovegreen.net/library/flower/p123848/,花
チョウジソウ（丁字草）の育て方・栽培方法 | 植物図鑑,https://lovegreen.net/library/flower/p205693/,花
キバナカタクリの育て方・栽培方法 | 植物図鑑,https://lovegreen.net/library/flower/p325125/,花
ホタルカズラの育て方・栽培方法 | 植物図鑑,https://lovegreen.net/library/flower/p325201/,花
ビスカリアの育て方・栽培方法 | 植物図鑑,https://lovegreen.net/library/flower/p126449/,花
ニゲラ・ブルースターの育て方・栽培方法 | 植物図鑑,https://lovegreen.net/library/flower/p324998/,花
キンラン（金蘭）の育て方・栽培方法 | 植物図鑑,https://lovegreen.net/library/flower/p228406/,花
ニゲラの育て方・栽培方法 | 植物図鑑,https://lovegreen.net/library/flower/p115981/,花
ドデカテオンの育て方・栽培方法 | 植物図鑑,https://lovegreen.net/library/flower/p324300/,花
ヤマブキソウの育て方・栽培方法 | 植物図鑑,https://lovegreen.net/library/flower/p291564/,花
ベロニカ・クレーターレイクブルーの育て方・栽培方法 | 植物図鑑,https://lovegreen.net/library/flower/p324276/,花
エリシマムの育て方・栽培方法 | 植物図鑑,https://lovegreen.net/library/flower/p127269/,花
ヘリオフィラの育て方・栽培方法 | 植物図鑑,https://lovegreen.net/library/flower/p127920/,花
イカリソウ（錨草）の育て方・栽培方法 | 植物図鑑,https://lovegreen.net/library/flower/p125015/,花
ハマダイコン（浜大根）の育て方・栽培方法 | 植物図鑑,https://lovegreen.net/library/flower/p206394/,花
ベルフラワーの育て方・栽培方法 | 植物図鑑,https://lovegreen.net/library/flower/p89029/,花
ビジョナデシコ（美女撫子）の育て方・栽培方法 | 植物図鑑,https://lovegreen.net/library/flower/p127647/,花
宿根バーベナの育て方・栽培方法 | 植物図鑑,https://lovegreen.net/library/flower/p323977/,花
オダマキ（西洋オダマキ）の育て方・栽培方法 | 植物図鑑,https://lovegreen.net/library/flower/p88874/,花
ブルンネラの育て方・栽培方法 | 植物図鑑,https://lovegreen.net/library/flower/p323672/,花
ゲウム・リバレの育て方・栽培方法 | 植物図鑑,https://lovegreen.net/library/flower/p212523/,花
ギリア・トリコロールの育て方・栽培方法 | 植物図鑑,https://lovegreen.net/library/flower/p323485/,花
クレマチス・カートマニージョーの育て方・栽培方法 | 植物図鑑,https://lovegreen.net/library/flower/p323433/,花
バーベナの育て方・栽培方法 | 植物図鑑,https://lovegreen.net/library/flower/p91736/,花
ポテンティラの育て方・栽培方法 | 植物図鑑,https://lovegreen.net/library/flower/p211150/,花
クラスペディアの育て方・栽培方法 | 植物図鑑,https://lovegreen.net/library/flower/p271210/,花
キュウリグサの育て方・栽培方法 | 植物図鑑,https://lovegreen.net/library/flower/p323419/,花
カンパニュラ・アルペンブルーの育て方・栽培方法 | 植物図鑑,https://lovegreen.net/library/flower/p323373/,花
芝桜 フロックストロットの育て方・栽培方法 | 植物図鑑,https://lovegreen.net/library/flower/p323340/,花
デルフィニウムの育て方・栽培方法 | 植物図鑑,https://lovegreen.net/library/flower/p91451/,花
ジギタリスの育て方・栽培方法 | 植物図鑑,https://lovegreen.net/library/flower/p91488/,花
フロックス・ピロサの育て方・栽培方法 | 植物図鑑,https://lovegreen.net/library/flower/p322958/,花
アゲラタム（カッコウアザミ）の育て方・栽培方法 | 植物図鑑,https://lovegreen.net/library/flower/p108018/,花
芝桜（シバザクラ）の育て方・栽培方法 | 植物図鑑,https://lovegreen.net/library/flower/p91644/,花
ホワイトレースフラワーの育て方・栽培方法 | 植物図鑑,https://lovegreen.net/library/flower/p125161/,花
マーガレットの育て方・栽培方法 | 植物図鑑,https://lovegreen.net/library/flower/p89038/,花
マツバボタン（松葉牡丹）の育て方・栽培方法 | 植物図鑑,https://lovegreen.net/library/flower/p92475/,花
ファセリア（カリフォルニアブルーベル）の育て方・栽培方法 | 植物図鑑,https://lovegreen.net/library/flower/p322926/,花
シレネ・ブルガリス（シラタマソウ）の育て方・栽培方法 | 植物図鑑,https://lovegreen.net/library/flower/p322897/,花
ホワイトキャンピオン（シレネ ラティフォリア）の育て方・栽培方法 | 植物図鑑,https://lovegreen.net/library/flower/p322582/,花
ウマノアシガタの育て方・栽培方法 | 植物図鑑,https://lovegreen.net/library/flower/p322085/,花
レッドキャンピオン（シレネ ディオイカ）の育て方・栽培方法 | 植物図鑑,https://lovegreen.net/library/flower/p322545/,花
イベリス・センペルヴィレンスの育て方・栽培方法 | 植物図鑑,https://lovegreen.net/library/flower/p322529/,花
ユウゲショウの育て方・栽培方法 | 植物図鑑,https://lovegreen.net/library/flower/p322480/,花
バージニアストックの育て方・栽培方法 | 植物図鑑,https://lovegreen.net/library/flower/p322383/,花
フロックス・クリームブリュレの育て方・栽培方法 | 植物図鑑,https://lovegreen.net/library/flower/p322459/,花
オンファロデスの育て方・栽培方法 | 植物図鑑,https://lovegreen.net/library/flower/p322273/,花
ツルハナシノブ（フロックス・ストロニフェラ）の育て方・栽培方法 | 植物図鑑,https://lovegreen.net/library/flower/p322269/,花
セリンセ・マヨールの育て方・栽培方法 | 植物図鑑,https://lovegreen.net/library/flower/p127397/,花
ゲウム（ダイコンソウ）の育て方・栽培方法 | 植物図鑑,https://lovegreen.net/library/flower/p127069/,花
宿根フロックスの育て方・栽培方法 | 植物図鑑,https://lovegreen.net/library/flower/p119411/,花
イチリンソウの育て方・栽培方法 | 植物図鑑,https://lovegreen.net/library/flower/p321887/,花
フロックス・ディバリカタの育て方・栽培方法 | 植物図鑑,https://lovegreen.net/library/flower/p322102/,花
フロックスの育て方・栽培方法 | 植物図鑑,https://lovegreen.net/library/flower/p116907/,花
マツバウンランの育て方・栽培方法 | 植物図鑑,https://lovegreen.net/library/flower/p322063/,花
プリムラ・マラコイデスの育て方・栽培方法 | 植物図鑑,https://lovegreen.net/library/flower/p121343/,花
ルピナスの育て方・栽培方法 | 植物図鑑,https://lovegreen.net/library/flower/p89061/,花
プリムラ・ポリアンサの育て方・栽培方法 | 植物図鑑,https://lovegreen.net/library/flower/p127239/,花
宿根リナリアの育て方・栽培方法 | 植物図鑑,https://lovegreen.net/library/flower/p203401/,花
雪割草（ユキワリソウ）の育て方・栽培方法 | 植物図鑑,https://lovegreen.net/library/flower/p93164/,花
アイスランドポピーの育て方・栽培方法 | 植物図鑑,https://lovegreen.net/library/flower/p127522/,花
サクラソウ（桜草）の育て方・栽培方法 | 植物図鑑,https://lovegreen.net/library/flower/p124375/,花
ディモルフォセカ（アフリカキンセンカ）の育て方・栽培方法 | 植物図鑑,https://lovegreen.net/library/flower/p126519/,花
オステオスペルマムの育て方・栽培方法 | 植物図鑑,https://lovegreen.net/library/flower/p125332/,花
イベリスの育て方・栽培方法 | 植物図鑑,https://lovegreen.net/library/flower/p122243/,花
ヤブヘビイチゴ（インディアンストロベリー）の育て方・栽培方法 | 植物図鑑,https://lovegreen.net/library/flower/p321034/,花
アルメリア（ハマカンザシ）の育て方・栽培方法 | 植物図鑑,https://lovegreen.net/library/flower/p106992/,花
クリンソウの育て方・栽培方法 | 植物図鑑,https://lovegreen.net/library/flower/p125131/,花
レースラベンダーの育て方・栽培方法 | 植物図鑑,https://lovegreen.net/library/flower/p93158/,花
コンフリー（ヒレハリソウ）の育て方・栽培方法 | 植物図鑑,https://lovegreen.net/library/flower/p125561/,花
アマドコロの育て方・栽培方法 | 植物図鑑,https://lovegreen.net/library/flower/p125343/,花
ヘビイチゴの育て方・栽培方法 | 植物図鑑,https://lovegreen.net/library/flower/p320720/,花
ナルコユリの育て方・栽培方法 | 植物図鑑,https://lovegreen.net/library/flower/p320557/,花
ポピー・アメージンググレイの育て方・栽培方法 | 植物図鑑,https://lovegreen.net/library/flower/p290980/,花
シノグロッサムの育て方・栽培方法 | 植物図鑑,https://lovegreen.net/library/flower/p116421/,花
ユキノシタ（雪の下）の育て方・栽培方法 | 植物図鑑,https://lovegreen.net/library/flower/p90977/,花
アリッサム（スイートアリッサム）の育て方・栽培方法 | 植物図鑑,https://lovegreen.net/library/flower/p88942/,花
ハボタン（葉牡丹）の育て方・栽培方法 | 植物図鑑,https://lovegreen.net/library/flower/p91182/,花
ストロベリーキャンドル（クリムゾンクローバー）の育て方・栽培方法 | 植物図鑑,https://lovegreen.net/library/flower/p121816/,花
パンジー、ビオラの育て方・栽培方法 | 植物図鑑,https://lovegreen.net/library/flower/p317594/,花
キンギョソウ（金魚草）の育て方・栽培方法 | 植物図鑑,https://lovegreen.net/library/flower/p88895/,花
サルビア・アズレアの育て方・栽培方法 | 植物図鑑,https://lovegreen.net/library/flower/p120056/,花
ヒメツルニチニチソウ（ビンカ・ミノール）の育て方・栽培方法 | 植物図鑑,https://lovegreen.net/library/flower/p317200/,花
ツルニチニチソウ（蔓日々草）の育て方・栽培方法 | 植物図鑑,https://lovegreen.net/library/flower/p92053/,花
ホトトギスの育て方・栽培方法 | 植物図鑑,https://lovegreen.net/library/flower/p107666/,花
勿忘草（ワスレナグサ）の育て方・栽培方法 | 植物図鑑,https://lovegreen.net/library/flower/p114033/,花
コレオプシスの育て方・栽培方法 | 植物図鑑,https://lovegreen.net/library/flower/p126437/,花
ビデンス（ウィンターコスモス）の育て方・栽培方法 | 植物図鑑,https://lovegreen.net/library/flower/p316463/,花
ネモフィラの育て方・栽培方法 | 植物図鑑,https://lovegreen.net/library/flower/p88993/,花
ガザニアの育て方・栽培方法 | 植物図鑑,https://lovegreen.net/library/flower/p91544/,花
ダールベルグデージーの育て方・栽培方法 | 植物図鑑,https://lovegreen.net/library/flower/p127650/,花
アジュガの育て方・栽培方法 | 植物図鑑,https://lovegreen.net/library/flower/p92162/,花
ベンケイソウ（弁慶草）の育て方・栽培方法 | 植物図鑑,https://lovegreen.net/library/flower/p125535/,花
キバナコスモスの育て方・栽培方法 | 植物図鑑,https://lovegreen.net/library/flower/p120149/,花
トレニアの育て方・栽培方法 | 植物図鑑,https://lovegreen.net/library/flower/p92396/,花
シルバーレースの育て方・栽培方法 | 植物図鑑,https://lovegreen.net/library/flower/p315875/,花
シロタエギクの育て方・栽培方法 | 植物図鑑,https://lovegreen.net/library/flower/p115465/,花
ヒューケラ（ツボサンゴ）の育て方・栽培方法 | 植物図鑑,https://lovegreen.net/library/flower/p92172/,花
ポーチュラカの育て方・栽培方法 | 植物図鑑,https://lovegreen.net/library/flower/p113607/,花
リンドウ（竜胆）の育て方・栽培方法 | 植物図鑑,https://lovegreen.net/library/flower/p89058/,花
オレガノ・ケントビューティーの育て方・栽培方法 | 植物図鑑,https://lovegreen.net/library/flower/p115951/,花
スターチス（リモニウム）の育て方・栽培方法 | 植物図鑑,https://lovegreen.net/library/flower/p106634/,花
ルドベキア・ヒルタの育て方・栽培方法 | 植物図鑑,https://lovegreen.net/library/flower/p315333/,花
ルドベキア・タカオの育て方・栽培方法 | 植物図鑑,https://lovegreen.net/library/flower/p315278/,花
アシスタシアの育て方・栽培方法 | 植物図鑑,https://lovegreen.net/library/flower/p315250/,花
ユーフォルビア・カラキアスの育て方・栽培方法 | 植物図鑑,https://lovegreen.net/library/flower/p315223/,花
アキレア（セイヨウノコギリソウ）の育て方・栽培方法 | 植物図鑑,https://lovegreen.net/library/flower/p249199/,花
ぺラルゴニウム・シドイデスの育て方・栽培方法 | 植物図鑑,https://lovegreen.net/library/flower/p314718/,花
デイジー（デージー）の育て方・栽培方法 | 植物図鑑,https://lovegreen.net/library/flower/p88966/,花
ハイビスカス・トリオナムの育て方・栽培方法 | 植物図鑑,https://lovegreen.net/library/flower/p314401/,花
タイタンビカスの育て方・栽培方法 | 植物図鑑,https://lovegreen.net/library/flower/p314294/,花
シュウメイギク（秋明菊）の育て方・栽培方法 | 植物図鑑,https://lovegreen.net/library/flower/p92009/,花
アネモネ・カナデンシス（メドウアネモネ）の育て方・栽培方法 | 植物図鑑,https://lovegreen.net/library/flower/p314146/,花
ヤブミョウガの育て方・栽培方法 | 植物図鑑,https://lovegreen.net/library/flower/p314133/,花
ペルシカリアの育て方・栽培方法 | 植物図鑑,https://lovegreen.net/library/flower/p301958/,花
アメリカフヨウの育て方・栽培方法 | 植物図鑑,https://lovegreen.net/library/flower/p126858/,花
サルビアの育て方・栽培方法 | 植物図鑑,https://lovegreen.net/library/flower/p88924/,花
ガウラ（ハクチョウソウ）の育て方・栽培方法 | 植物図鑑,https://lovegreen.net/library/flower/p92428/,花
ケイトウ（鶏頭）の育て方・栽培方法 | 植物図鑑,https://lovegreen.net/library/flower/p91988/,花
ランタナの育て方・栽培方法 | 植物図鑑,https://lovegreen.net/library/flower/p89057/,花
ガイラルディア ・グレープセンセーションの育て方・栽培方法 | 植物図鑑,https://lovegreen.net/library/flower/p313662/,花
メキシカンハット（ラティビダ）の育て方・栽培方法 | 植物図鑑,https://lovegreen.net/library/flower/p313479/,花
ガイラルディアの育て方・栽培方法 | 植物図鑑,https://lovegreen.net/library/flower/p124718/,花
エキナセアの育て方・栽培方法 | 植物図鑑,https://lovegreen.net/library/flower/p88863/,花
ルドベキアの育て方・栽培方法 | 植物図鑑,https://lovegreen.net/library/flower/p108509/,花
ルドベキア・マキシマの育て方・栽培方法 | 植物図鑑,https://lovegreen.net/library/flower/p313236/,花
アリウム・ミレニアムの育て方・栽培方法 | 植物図鑑,https://lovegreen.net/library/flower/p313352/,花
ニチニチソウ（日々草）の育て方・栽培方法 | 植物図鑑,https://lovegreen.net/library/flower/p91510/,花
サポナリア・バッカリアの育て方・栽培方法 | 植物図鑑,https://lovegreen.net/library/flower/p312887/,花
千日紅（センニチコウ）の育て方・栽培方法 | 植物図鑑,https://lovegreen.net/library/flower/p93113/,花
フォプティス・スティローサの育て方・栽培方法 | 植物図鑑,https://lovegreen.net/library/flower/p312665/,花
エリンジウムの育て方・栽培方法 | 植物図鑑,https://lovegreen.net/library/flower/p126442/,花
ロックソープワート（サポナリア・オキモイデス）の育て方・栽培方法 | 植物図鑑,https://lovegreen.net/library/flower/p312485/,花
ヒペリカムの育て方・栽培方法 | 植物図鑑,https://lovegreen.net/library/flower/p91621/,花
アカンサスの育て方・栽培方法 | 植物図鑑,https://lovegreen.net/library/flower/p124700/,花
タマクルマバソウ（アスペルラ・オリエンタリス）の育て方・栽培方法 | 植物図鑑,https://lovegreen.net/library/flower/p312145/,花
ブルースター（オキシペタラム）の育て方・栽培方法 | 植物図鑑,https://lovegreen.net/library/flower/p91977/,花
バプテシア（ムラサキセンダイハギ）の育て方・栽培方法 | 植物図鑑,https://lovegreen.net/library/flower/p311925/,花
アンチューサの育て方・栽培方法 | 植物図鑑,https://lovegreen.net/library/flower/p126609/,花
ジニア（百日草）の育て方・栽培方法 | 植物図鑑,https://lovegreen.net/library/flower/p112840/,花
ペンステモン・オバタスの育て方・栽培方法 | 植物図鑑,https://lovegreen.net/library/flower/p311715/,花
アークトチス・グランディスの育て方・栽培方法 | 植物図鑑,https://lovegreen.net/library/flower/p311607/,花
水芭蕉（ミズバショウ）の育て方・栽培方法 | 植物図鑑,https://lovegreen.net/library/flower/p199425/,花
ラークスパー（千鳥草）の育て方・栽培方法 | 植物図鑑,https://lovegreen.net/library/flower/p126775/,花
アグロステンマの育て方・栽培方法 | 植物図鑑,https://lovegreen.net/library/flower/p120541/,花
アザレアの育て方・栽培方法 | 植物図鑑,https://lovegreen.net/library/flower/p106458/,花
タイツリソウ（ケマンソウ）の育て方・栽培方法 | 植物図鑑,https://lovegreen.net/library/flower/p107667/,花
芍薬（シャクヤク）の育て方・栽培方法 | 植物図鑑,https://lovegreen.net/library/flower/p88934/,花
ムラサキハナナ（オオアラセイトウ）の育て方・栽培方法 | 植物図鑑,https://lovegreen.net/library/flower/p126266/,花
シレネ・ピンクパンサーの育て方・栽培方法 | 植物図鑑,https://lovegreen.net/library/flower/p304767/,花
シレネ・ホワイトパンサーの育て方・栽培方法 | 植物図鑑,https://lovegreen.net/library/flower/p304764/,花
バロータの育て方・栽培方法 | 植物図鑑,https://lovegreen.net/library/flower/p304283/,花
バイカオウレンの育て方・栽培方法 | 植物図鑑,https://lovegreen.net/library/flower/p126861/,花
タチアオイ（ホリホック）の育て方・栽培方法 | 植物図鑑,https://lovegreen.net/library/flower/p91610/,花
ニリンソウ（二輪草）の育て方・栽培方法 | 植物図鑑,https://lovegreen.net/library/flower/p124684/,花
ローゼルの育て方・栽培方法 | 植物図鑑,https://lovegreen.net/library/flower/p125142/,花
ヒメツルソバの育て方・栽培方法 | 植物図鑑,https://lovegreen.net/library/flower/p125163/,花
ツワブキ（石蕗）の育て方・栽培方法 | 植物図鑑,https://lovegreen.net/library/flower/p91799/,花
ルピナス・ピクシーデライトの育て方・栽培方法 | 植物図鑑,https://lovegreen.net/library/flower/p302057/,花
カンガルーポー（アニゴザントス）の育て方・栽培方法 | 植物図鑑,https://lovegreen.net/library/flower/p301901/,花
サルビア・スペルバの育て方・栽培方法 | 植物図鑑,https://lovegreen.net/library/flower/p301518/,花
エルサレムセージの育て方・栽培方法 | 植物図鑑,https://lovegreen.net/library/flower/p301467/,花
ミニバラの育て方・栽培方法 | 植物図鑑,https://lovegreen.net/library/flower/p91992/,花
サルビア・ネモローサの育て方・栽培方法 | 植物図鑑,https://lovegreen.net/library/flower/p300630/,花
ローズリーフセージの育て方・栽培方法 | 植物図鑑,https://lovegreen.net/library/flower/p300500/,花
ディスカラーセージ（サルビア・ディスカラー）の育て方・栽培方法 | 植物図鑑,https://lovegreen.net/library/flower/p300314/,花
アフリカンマリーゴールドの育て方・栽培方法 | 植物図鑑,https://lovegreen.net/library/flower/p127530/,花
アキチョウジの育て方・栽培方法 | 植物図鑑,https://lovegreen.net/library/flower/p300204/,花
キンセンカ（カレンデュラ）の育て方・栽培方法 | 植物図鑑,https://lovegreen.net/library/flower/p106997/,花
レモンマリーゴールドの育て方・栽培方法 | 植物図鑑,https://lovegreen.net/library/flower/p300196/,花
ソラナム・パンプキンの育て方・栽培方法 | 植物図鑑,https://lovegreen.net/library/flower/p300060/,花
ジャーマンダーセージの育て方・栽培方法 | 植物図鑑,https://lovegreen.net/library/flower/p300035/,花
セロシア（ノゲイトウ）の育て方・栽培方法 | 植物図鑑,https://lovegreen.net/library/flower/p127616/,花
斑入りタリナム（ハゼラン）の育て方・栽培方法 | 植物図鑑,https://lovegreen.net/library/flower/p299612/,花
リムナンテスの育て方・栽培方法 | 植物図鑑,https://lovegreen.net/library/flower/p127401/,花
ヘメロカリスの育て方・栽培方法 | 植物図鑑,https://lovegreen.net/library/flower/p125168/,花
キンミズヒキ（金水引）の育て方・栽培方法 | 植物図鑑,https://lovegreen.net/library/flower/p297898/,花
西洋朝顔・ヘブンリーブルーの育て方・栽培方法 | 植物図鑑,https://lovegreen.net/library/flower/p297725/,花
ハツユキカズラ（初雪葛）の育て方・栽培方法 | 植物図鑑,https://lovegreen.net/library/flower/p92039/,花
モミジアオイの育て方・栽培方法 | 植物図鑑,https://lovegreen.net/library/flower/p126300/,花
ラムズイヤーの育て方・栽培方法 | 植物図鑑,https://lovegreen.net/library/flower/p92637/,花
ハイビスカスの育て方・栽培方法 | 植物図鑑,https://lovegreen.net/library/flower/p88996/,花
観賞用トウガラシの育て方・栽培方法 | 植物図鑑,https://lovegreen.net/library/flower/p117318/,花
フクシアの育て方・栽培方法 | 植物図鑑,https://lovegreen.net/library/flower/p91109/,花
コスモス（秋桜）の育て方・栽培方法 | 植物図鑑,https://lovegreen.net/library/flower/p88913/,花
タリクトラム・デラバイの育て方・栽培方法 | 植物図鑑,https://lovegreen.net/library/flower/p292627/,花
ひまわりの育て方・栽培方法 | 植物図鑑,https://lovegreen.net/library/flower/p92032/,花
キャットテール（アカリファ）の育て方・栽培方法 | 植物図鑑,https://lovegreen.net/library/flower/p107496/,花
八重咲きドクダミの育て方・栽培方法 | 植物図鑑,https://lovegreen.net/library/flower/p292110/,花
スイセンノウ（リクニス・コロナリア）の育て方・栽培方法 | 植物図鑑,https://lovegreen.net/library/flower/p126873/,花
トリフォリウム・バニーズの育て方・栽培方法 | 植物図鑑,https://lovegreen.net/library/flower/p291725/,花
ギリアの育て方・栽培方法 | 植物図鑑,https://lovegreen.net/library/flower/p126878/,花
カンパニュラの育て方・栽培方法 | 植物図鑑,https://lovegreen.net/library/flower/p88891/,花
サルビア・ヌタンスの育て方・栽培方法 | 植物図鑑,https://lovegreen.net/library/flower/p290264/,花
アネモネ・パルマータの育て方・栽培方法 | 植物図鑑,https://lovegreen.net/library/flower/p290308/,花
ルナリア（ゴウダソウ）の育て方・栽培方法 | 植物図鑑,https://lovegreen.net/library/flower/p290277/,花
ゲラニウム（フウロソウ）の育て方・栽培方法 | 植物図鑑,https://lovegreen.net/library/flower/p126430/,花
シンバラリア（ツタバウンラン）の育て方・栽培方法 | 植物図鑑,https://lovegreen.net/library/flower/p127271/,花
カーペットカスミソウの育て方・栽培方法 | 植物図鑑,https://lovegreen.net/library/flower/p288781/,花
シャーレーポピーの育て方・栽培方法 | 植物図鑑,https://lovegreen.net/library/flower/p288760/,花
黒花ポピー・ブラックマジックの育て方・栽培方法 | 植物図鑑,https://lovegreen.net/library/flower/p288645/,花
クナウティアの育て方・栽培方法 | 植物図鑑,https://lovegreen.net/library/flower/p288482/,花
ヘーベの育て方・栽培方法 | 植物図鑑,https://lovegreen.net/library/flower/p288470/,花
クレマチス・アンスンエンシスの育て方・栽培方法 | 植物図鑑,https://lovegreen.net/library/flower/p286687/,花
クリスマスローズ・アーグティフォリウスの育て方・栽培方法 | 植物図鑑,https://lovegreen.net/library/flower/p284667/,花
ラナンキュラス・ゴールドコインの育て方・栽培方法 | 植物図鑑,https://lovegreen.net/library/flower/p282244/,花
ポレモニウム・アプリコットデライトの育て方・栽培方法 | 植物図鑑,https://lovegreen.net/library/flower/p281777/,花
サルビア・ライムライトの育て方・栽培方法 | 植物図鑑,https://lovegreen.net/library/flower/p280475/,花
ノネア・ルテアの育て方・栽培方法 | 植物図鑑,https://lovegreen.net/library/flower/p280214/,花
プリムラ・ビアリーの育て方・栽培方法 | 植物図鑑,https://lovegreen.net/library/flower/p280161/,花
宿根ネメシアの育て方・栽培方法 | 植物図鑑,https://lovegreen.net/library/flower/p123993/,花
ヒポエステスの育て方・栽培方法 | 植物図鑑,https://lovegreen.net/library/flower/p91028/,花
セキヤノアキチョウジの育て方・栽培方法 | 植物図鑑,https://lovegreen.net/library/flower/p127387/,花
ハゼランの育て方・栽培方法 | 植物図鑑,https://lovegreen.net/library/flower/p279391/,花
リナリア（姫金魚草）の育て方・栽培方法 | 植物図鑑,https://lovegreen.net/library/flower/p120375/,花
カスミソウ（かすみ草）の育て方・栽培方法 | 植物図鑑,https://lovegreen.net/library/flower/p88882/,花
アスターの育て方・栽培方法 | 植物図鑑,https://lovegreen.net/library/flower/p88850/,花
アマランサスの育て方・栽培方法 | 植物図鑑,https://lovegreen.net/library/flower/p124379/,花
モミジバアサガオ（宿根アサガオ）の育て方・栽培方法 | 植物図鑑,https://lovegreen.net/library/flower/p278832/,花
リシマキア アトロプルプレア ‘ボジョレー’ の育て方・栽培方法 | 植物図鑑,https://lovegreen.net/library/flower/p277993/,花
クラウンベッチ（コロニラ・バリア）の育て方・栽培方法 | 植物図鑑,https://lovegreen.net/library/flower/p277877/,花
黒ほおずき（ニカンドラ）の育て方・栽培方法 | 植物図鑑,https://lovegreen.net/library/flower/p276954/,花
ケラトテカ・トリロバの育て方・栽培方法 | 植物図鑑,https://lovegreen.net/library/flower/p276611/,花
ニコチアナの育て方・栽培方法 | 植物図鑑,https://lovegreen.net/library/flower/p127966/,花
イポメアの育て方・栽培方法 | 植物図鑑,https://lovegreen.net/library/flower/p127253/,花
ヒマワリ・サンビリーバブルの育て方・栽培方法 | 植物図鑑,https://lovegreen.net/library/flower/p275111/,花
千日紅（センニチコウ）・ファイヤーワークスの育て方・栽培方法 | 植物図鑑,https://lovegreen.net/library/flower/p274949/,花
ハイビスカス・ロバツスの育て方・栽培方法 | 植物図鑑,https://lovegreen.net/library/flower/p274879/,花
メカルドニアの育て方・栽培方法 | 植物図鑑,https://lovegreen.net/library/flower/p126888/,花
スピランサス・たまごぼーるの育て方・栽培方法 | 植物図鑑,https://lovegreen.net/library/flower/p274583/,花
ゴンフレナ ラブラブラブの育て方・栽培方法 | 植物図鑑,https://lovegreen.net/library/flower/p274345/,花
チーゼルの育て方・栽培方法 | 植物図鑑,https://lovegreen.net/library/flower/p273947/,花
琉球朝顔（ノアサガオ）の育て方・栽培方法 | 植物図鑑,https://lovegreen.net/library/flower/p273863/,花
スワインソナ・ガレギフォリアの育て方・栽培方法 | 植物図鑑,https://lovegreen.net/library/flower/p272467/,花
マウンテンミント（広葉）の育て方・栽培方法 | 植物図鑑,https://lovegreen.net/library/flower/p252779/,花
ヤナギハナガサ（三尺バーベナ）の育て方・栽培方法 | 植物図鑑,https://lovegreen.net/library/flower/p272256/,花
クレマチス（テッセン）の育て方・栽培方法 | 植物図鑑,https://lovegreen.net/library/flower/p88905/,花
エゴポディウム・バリエガータ（斑入りイワミツバ）の育て方・栽培方法 | 植物図鑑,https://lovegreen.net/library/flower/p271823/,花
クレロデンドルム・ブルーウィングの育て方・栽培方法 | 植物図鑑,https://lovegreen.net/library/flower/p271706/,花
ラミウムの育て方・栽培方法 | 植物図鑑,https://lovegreen.net/library/flower/p126447/,花
スカビオサ・ドラムスティックの育て方・栽培方法 | 植物図鑑,https://lovegreen.net/library/flower/p271498/,花
クラピア（イワダレソウ改良種）の育て方・栽培方法 | 植物図鑑,https://lovegreen.net/library/flower/p270197/,花
ユーフォルビア・ダイアモンドフロストの育て方・栽培方法 | 植物図鑑,https://lovegreen.net/library/flower/p269329/,花
セネシオ エンジェルウィングスの育て方・栽培方法 | 植物図鑑,https://lovegreen.net/library/flower/p268717/,花
アイビーゼラニウムの育て方・栽培方法 | 植物図鑑,https://lovegreen.net/library/flower/p125559/,花
千日小坊（センニチコボウ）の育て方・栽培方法 | 植物図鑑,https://lovegreen.net/library/flower/p267681/,花
クレマチス・アップルブロッサムの育て方・栽培方法 | 植物図鑑,https://lovegreen.net/library/flower/p266412/,花
サフィニアの育て方・栽培方法 | 植物図鑑,https://lovegreen.net/library/flower/p92410/,花
ローダンセマムの育て方・栽培方法 | 植物図鑑,https://lovegreen.net/library/flower/p125543/,花
イングリッシュデージーの育て方・栽培方法 | 植物図鑑,https://lovegreen.net/library/flower/p263154/,花
シレネ・ユニフローラの育て方・栽培方法 | 植物図鑑,https://lovegreen.net/library/flower/p125556/,花
クモマグサ（雲間草）の育て方・栽培方法 | 植物図鑑,https://lovegreen.net/library/flower/p126757/,花
ロータス・ブリムストーンの育て方・栽培方法 | 植物図鑑,https://lovegreen.net/library/flower/p262937/,花
ベビーティアーズ（ソレイロリア）の育て方・栽培方法 | 植物図鑑,https://lovegreen.net/library/flower/p127651/,花
コバルトセージの育て方・栽培方法 | 植物図鑑,https://lovegreen.net/library/flower/p258995/,花
クロバナヒキオコシの育て方・栽培方法 | 植物図鑑,https://lovegreen.net/library/flower/p258640/,花
センニンソウ（仙人草）の育て方・栽培方法 | 植物図鑑,https://lovegreen.net/library/flower/p257850/,花
バコパ（ステラ）の育て方・栽培方法 | 植物図鑑,https://lovegreen.net/library/flower/p91974/,花
エキベキア・エレクトラショックの育て方・栽培方法 | 植物図鑑,https://lovegreen.net/library/flower/p253431/,花
フランネルフラワーの育て方・栽培方法 | 植物図鑑,https://lovegreen.net/library/flower/p125152/,花
ディコンドラ（ダイコンドラ）の育て方・栽培方法 | 植物図鑑,https://lovegreen.net/library/flower/p126604/,花
アサギリソウの育て方・栽培方法 | 植物図鑑,https://lovegreen.net/library/flower/p126515/,花
ポテンティラ・オレンジスターリットの育て方・栽培方法 | 植物図鑑,https://lovegreen.net/library/flower/p248401/,花
ドクダミの育て方・栽培方法 | 植物図鑑,https://lovegreen.net/library/flower/p123851/,花
クレマチス・フロリダ系の育て方・栽培方法 | 植物図鑑,https://lovegreen.net/library/flower/p247563/,花
クレマチス・ジャックマニー系の育て方・栽培方法 | 植物図鑑,https://lovegreen.net/library/flower/p247412/,花
ポインセチアの育て方・栽培方法 | 植物図鑑,https://lovegreen.net/library/flower/p89032/,花
ポテンティラ・ルペストリスの育て方・栽培方法 | 植物図鑑,https://lovegreen.net/library/flower/p246774/,花
ゲラニウム・スプリッシュスプラッシュの育て方・栽培方法 | 植物図鑑,https://lovegreen.net/library/flower/p246347/,花
ポテンティラ・スルフレア（サルフレア）の育て方・栽培方法 | 植物図鑑,https://lovegreen.net/library/flower/p246245/,花
ポテンティラ・ベルナの育て方・栽培方法 | 植物図鑑,https://lovegreen.net/library/flower/p246197/,花
ペラルゴニウム・パールグレイの育て方・栽培方法 | 植物図鑑,https://lovegreen.net/library/flower/p245040/,花
クレマチス・ヴィオルナ系、テキセンシス系の育て方・栽培方法 | 植物図鑑,https://lovegreen.net/library/flower/p244225/,花
クレマチス・アーマンディー系の育て方・栽培方法 | 植物図鑑,https://lovegreen.net/library/flower/p243739/,花
クスダマツメクサの育て方・栽培方法 | 植物図鑑,https://lovegreen.net/library/flower/p243274/,花
クレマチス・ピクシーの育て方・栽培方法 | 植物図鑑,https://lovegreen.net/library/flower/p243103/,花
クレマチス・フォステリー系の育て方・栽培方法 | 植物図鑑,https://lovegreen.net/library/flower/p242545/,花
クレマチス・ペトリエイの育て方・栽培方法 | 植物図鑑,https://lovegreen.net/library/flower/p239721/,花
ブルーサルビアの育て方・栽培方法 | 植物図鑑,https://lovegreen.net/library/flower/p125339/,花
シレネ・カロリニアナの育て方・栽培方法 | 植物図鑑,https://lovegreen.net/library/flower/p200048/,花
ゲラニウム・ファエウム（黒花フウロ）の育て方・栽培方法 | 植物図鑑,https://lovegreen.net/library/flower/p238119/,花
ゲウム・マイタイの育て方・栽培方法 | 植物図鑑,https://lovegreen.net/library/flower/p237878/,花
ストレプトカーパス・サクソルムの育て方・栽培方法 | 植物図鑑,https://lovegreen.net/library/flower/p237326/,花
ニューギニア・インパチェンスの育て方・栽培方法 | 植物図鑑,https://lovegreen.net/library/flower/p232920/,花
スミレイワギリソウ（菫岩桐草）の育て方・栽培方法 | 植物図鑑,https://lovegreen.net/library/flower/p229567/,花
シロバナサクラタデの育て方・栽培方法 | 植物図鑑,https://lovegreen.net/library/flower/p225933/,花
ストックの育て方・栽培方法 | 植物図鑑,https://lovegreen.net/library/flower/p88949/,花
クローバー（シロツメクサ）の育て方・栽培方法 | 植物図鑑,https://lovegreen.net/library/flower/p88906/,花
ノースポールの育て方・栽培方法 | 植物図鑑,https://lovegreen.net/library/flower/p88994/,花
キカラスウリの育て方・栽培方法 | 植物図鑑,https://lovegreen.net/library/flower/p231358/,花
カラスウリ(烏瓜)の育て方・栽培方法 | 植物図鑑,https://lovegreen.net/library/flower/p124709/,花
フッチンシアの育て方・栽培方法 | 植物図鑑,https://lovegreen.net/library/flower/p231083/,花
オオバキスミレの育て方・栽培方法 | 植物図鑑,https://lovegreen.net/library/flower/p127934/,花
キセワタの育て方・栽培方法 | 植物図鑑,https://lovegreen.net/library/flower/p229337/,花
ギンラン（銀蘭）の育て方・栽培方法 | 植物図鑑,https://lovegreen.net/library/flower/p228421/,花
コバノタツナミソウの育て方・栽培方法 | 植物図鑑,https://lovegreen.net/library/flower/p228337/,花
クリスマスローズの育て方・栽培方法 | 植物図鑑,https://lovegreen.net/library/flower/p88902/,花
イヌショウマの育て方・栽培方法 | 植物図鑑,https://lovegreen.net/library/flower/p225931/,花
シモバシラの育て方・栽培方法 | 植物図鑑,https://lovegreen.net/library/flower/p225927/,花
アルテルナンテラの育て方・栽培方法 | 植物図鑑,https://lovegreen.net/library/flower/p225004/,花
アルテルナンテラ・レッドフラッシュ(アカバセンニチコウ)の育て方・栽培方法 | 植物図鑑,https://lovegreen.net/library/flower/p118765/,花
ベロニカの育て方・栽培方法 | 植物図鑑,https://lovegreen.net/library/flower/p89030/,花
フォーチュンベゴニアの育て方・栽培方法 | 植物図鑑,https://lovegreen.net/library/flower/p223477/,花
オキナワスズメウリの育て方・栽培方法 | 植物図鑑,https://lovegreen.net/library/flower/p117754/,花
ハマアズキの育て方・栽培方法 | 植物図鑑,https://lovegreen.net/library/flower/p223363/,花
ドリチョス・ラブラブの育て方・栽培方法 | 植物図鑑,https://lovegreen.net/library/flower/p221475/,花
カーネーションの育て方・栽培方法 | 植物図鑑,https://lovegreen.net/library/flower/p88877/,花
コバノランタナの育て方・栽培方法 | 植物図鑑,https://lovegreen.net/library/flower/p219291/,花
アキノタムラソウ（秋の田村草）の育て方・栽培方法 | 植物図鑑,https://lovegreen.net/library/flower/p220492/,花
シラネアオイ（白根葵）の育て方・栽培方法 | 植物図鑑,https://lovegreen.net/library/flower/p220395/,花
ツリガネカズラ（ビグノニア）の育て方・栽培方法 | 植物図鑑,https://lovegreen.net/library/flower/p220431/,花
ヨウシュヤマゴボウ（洋種山牛蒡）の育て方・栽培方法 | 植物図鑑,https://lovegreen.net/library/flower/p220196/,花
茉莉花（マツリカ）の育て方・栽培方法 | 植物図鑑,https://lovegreen.net/library/flower/p220388/,花
サクシセラ・フロステッドパールズの育て方・栽培方法 | 植物図鑑,https://lovegreen.net/library/flower/p219398/,花
ジャスミンの育て方・栽培方法 | 植物図鑑,https://lovegreen.net/library/flower/p88935/,花
フウセンカズラ(風船葛)の育て方・栽培方法 | 植物図鑑,https://lovegreen.net/library/flower/p124420/,花
エリゲロンの育て方・栽培方法 | 植物図鑑,https://lovegreen.net/library/flower/p125541/,花
オキナグサ(翁草)の育て方・栽培方法 | 植物図鑑,https://lovegreen.net/library/flower/p125166/,花
ヒメヅタの育て方・栽培方法 | 植物図鑑,https://lovegreen.net/library/flower/p218207/,花
ヘクソカズラ（屁糞葛）の育て方・栽培方法 | 植物図鑑,https://lovegreen.net/library/flower/p215672/,花
オンタデの育て方・栽培方法 | 植物図鑑,https://lovegreen.net/library/flower/p214571/,花
屋久島ショウマの育て方・栽培方法 | 植物図鑑,https://lovegreen.net/library/flower/p216384/,花
ラスティセージの育て方・栽培方法 | 植物図鑑,https://lovegreen.net/library/flower/p214282/,花
ユーフォルビア・ゴールデンレインボーの育て方・栽培方法 | 植物図鑑,https://lovegreen.net/library/flower/p210103/,花
ペンステモンの育て方・栽培方法 | 植物図鑑,https://lovegreen.net/library/flower/p125580/,花
カリブラコアの育て方・栽培方法 | 植物図鑑,https://lovegreen.net/library/flower/p93064/,花
モノプシスの育て方・栽培方法 | 植物図鑑,https://lovegreen.net/library/flower/p213718/,花
マルバストラムの育て方・栽培方法 | 植物図鑑,https://lovegreen.net/library/flower/p127270/,花
シンニンギア・バター＆クリームの育て方・栽培方法 | 植物図鑑,https://lovegreen.net/library/flower/p213400/,花
ガーベラの育て方・栽培方法 | 植物図鑑,https://lovegreen.net/library/flower/p88878/,花
シンニンギア・ラブリーの育て方・栽培方法 | 植物図鑑,https://lovegreen.net/library/flower/p213169/,花
オジギソウ(おじぎそう・おじぎ草)の育て方・栽培方法 | 植物図鑑,https://lovegreen.net/library/flower/p90894/,花
筑紫カラマツの育て方・栽培方法 | 植物図鑑,https://lovegreen.net/library/flower/p212770/,花
アネモネ・シルベストリスの育て方・栽培方法 | 植物図鑑,https://lovegreen.net/library/flower/p212677/,花
ルエリア・ブラックビューティーの育て方・栽培方法 | 植物図鑑,https://lovegreen.net/library/flower/p212593/,花
ハイブリッドジギタリス（スーパージギタリス）の育て方・栽培方法 | 植物図鑑,https://lovegreen.net/library/flower/p212520/,花
ヒナソウの育て方・栽培方法 | 植物図鑑,https://lovegreen.net/library/flower/p207284/,花
ルリオダマキの育て方・栽培方法 | 植物図鑑,https://lovegreen.net/library/flower/p212222/,花
ヘンリーヅタの育て方・栽培方法 | 植物図鑑,https://lovegreen.net/library/flower/p126781/,花
ホウチャクソウ（宝鐸草）の育て方・栽培方法 | 植物図鑑,https://lovegreen.net/library/flower/p210710/,花
ミヤマオダマキの育て方・栽培方法 | 植物図鑑,https://lovegreen.net/library/flower/p210205/,花
セリバヒエンソウの育て方・栽培方法 | 植物図鑑,https://lovegreen.net/library/flower/p208539/,花
アロンソアの育て方・栽培方法 | 植物図鑑,https://lovegreen.net/library/flower/p207111/,花
リナム（フラックス）の育て方・栽培方法 | 植物図鑑,https://lovegreen.net/library/flower/p127929/,花
ヤセウツボの育て方・栽培方法 | 植物図鑑,https://lovegreen.net/library/flower/p206457/,花
ブラキカムの育て方・栽培方法 | 植物図鑑,https://lovegreen.net/library/flower/p126418/,花
フデリンドウの育て方・栽培方法 | 植物図鑑,https://lovegreen.net/library/flower/p206750/,花
ムラサキケマンの育て方・栽培方法 | 植物図鑑,https://lovegreen.net/library/flower/p206461/,花
ウラシマソウの育て方・栽培方法 | 植物図鑑,https://lovegreen.net/library/flower/p205676/,花
スズメノエンドウの育て方・栽培方法 | 植物図鑑,https://lovegreen.net/library/flower/p205405/,花
キランソウの育て方・栽培方法 | 植物図鑑,https://lovegreen.net/library/flower/p205365/,花
カラスノエンドウ（ヤハズノエンドウ）の育て方・栽培方法 | 植物図鑑,https://lovegreen.net/library/flower/p204973/,花
スギナ（つくし、土筆）の育て方・栽培方法 | 植物図鑑,https://lovegreen.net/library/flower/p127511/,花
イワタバコの育て方・栽培方法 | 植物図鑑,https://lovegreen.net/library/flower/p203701/,花
アスチルベの育て方・栽培方法 | 植物図鑑,https://lovegreen.net/library/flower/p92447/,花
ブルーレースフラワーの育て方・栽培方法 | 植物図鑑,https://lovegreen.net/library/flower/p177878/,花
オリエンタルポピーの育て方・栽培方法 | 植物図鑑,https://lovegreen.net/library/flower/p127075/,花
ミヤコグサ（都草）の育て方・栽培方法 | 植物図鑑,https://lovegreen.net/library/flower/p200075/,花
ブプレリウムの育て方・栽培方法 | 植物図鑑,https://lovegreen.net/library/flower/p167446/,花
ブルーデージーの育て方・栽培方法 | 植物図鑑,https://lovegreen.net/library/flower/p108841/,花
アメリカヅタの育て方・栽培方法 | 植物図鑑,https://lovegreen.net/library/flower/p187551/,花
メドーセージ（サルビア・ガラニチカ）の育て方・栽培方法 | 植物図鑑,https://lovegreen.net/library/flower/p186942/,花
セイタカアワダチソウの育て方・栽培方法 | 植物図鑑,https://lovegreen.net/library/flower/p123970/,花
ワイルドオーツ（グリーンスケール）の育て方・栽培方法 | 植物図鑑,https://lovegreen.net/library/flower/p177898/,花
モナルダ・ベルガモの育て方・栽培方法 | 植物図鑑,https://lovegreen.net/library/flower/p177023/,花
ルリタマアザミ（エキノプス）の育て方・栽培方法 | 植物図鑑,https://lovegreen.net/library/flower/p125566/,花
半夏生（ハンゲショウ）の育て方・栽培方法 | 植物図鑑,https://lovegreen.net/library/flower/p176737/,花
セルリアの育て方・栽培方法 | 植物図鑑,https://lovegreen.net/library/flower/p126423/,花
リキュウソウの育て方・栽培方法 | 植物図鑑,https://lovegreen.net/library/flower/p167477/,花
クレベラントセージの育て方・栽培方法 | 植物図鑑,https://lovegreen.net/library/flower/p172952/,花
アネモネ・バージニアナの育て方・栽培方法 | 植物図鑑,https://lovegreen.net/library/flower/p173171/,花
ヒメイワダレソウ(姫岩垂草)の育て方・栽培方法 | 植物図鑑,https://lovegreen.net/library/flower/p106720/,花
バーバスカムの育て方・栽培方法 | 植物図鑑,https://lovegreen.net/library/flower/p126886/,花
サギソウ（鷺草）の育て方・栽培方法 | 植物図鑑,https://lovegreen.net/library/flower/p92431/,花
ティアレラの育て方・栽培方法 | 植物図鑑,https://lovegreen.net/library/flower/p156937/,花
ターメリック(ウコン)の育て方・栽培方法 | 植物図鑑,https://lovegreen.net/library/flower/p124460/,花
ユーフォルビア ・ブラックバードの育て方・栽培方法 | 植物図鑑,https://lovegreen.net/library/flower/p146330/,花
インパチェンスの育て方・栽培方法 | 植物図鑑,https://lovegreen.net/library/flower/p88861/,花
エラチオールベゴニア(リーガースベゴニア)の育て方・栽培方法 | 植物図鑑,https://lovegreen.net/library/flower/p126643/,花
トリカブト(鳥兜)の育て方・栽培方法 | 植物図鑑,https://lovegreen.net/library/flower/p88984/,花
ジニアエレガンスの育て方・栽培方法 | 植物図鑑,https://lovegreen.net/library/flower/p127952/,花
Cyclamen Creator Yasuhiro Takahashi(CCYT) 胡蝶の育て方・栽培方法 | 植物図鑑,https://lovegreen.net/library/flower/p125309/,花
Cyclamen Creator Yasuhiro Takahashi(CCYT)の育て方・栽培方法 | 植物図鑑,https://lovegreen.net/library/flower/p125273/,花
Cyclamen Creator Yasuhiro Takahashi(CCYT) 月下の育て方・栽培方法 | 植物図鑑,https://lovegreen.net/library/flower/p125311/,花
Cyclamen Creator Yasuhiro Takahashi(CCYT) 江戸ノ青の育て方・栽培方法 | 植物図鑑,https://lovegreen.net/library/flower/p125310/,花
Cyclamen Creator Yasuhiro Takahashi(CCYT) 瑠璃玉の育て方・栽培方法 | 植物図鑑,https://lovegreen.net/library/flower/p125312/,花
Cyclamen Creator Yasuhiro Takahashi(CCYT) 冬化粧の育て方・栽培方法 | 植物図鑑,https://lovegreen.net/library/flower/p125313/,花
セレナーディア ライラックフリルの育て方・栽培方法 | 植物図鑑,https://lovegreen.net/library/flower/p125316/,花
セレナーディア アロマブルーの育て方・栽培方法 | 植物図鑑,https://lovegreen.net/library/flower/p125314/,花
セレナーディア ビクトリアブルーの育て方・栽培方法 | 植物図鑑,https://lovegreen.net/library/flower/p125315/,花
セレナーディア(青いシクラメン)の育て方・栽培方法 | 植物図鑑,https://lovegreen.net/library/flower/p119594/,花
トラディスカンティア・クラッシフォリア・アカウリスの育て方・栽培方法 | 植物図鑑,https://lovegreen.net/library/flower/p120408/,花
イレシネの育て方・栽培方法 | 植物図鑑,https://lovegreen.net/library/flower/p119254/,花
シュガーバインの育て方・栽培方法 | 植物図鑑,https://lovegreen.net/library/flower/p92141/,花
セキショウ(石菖蒲)の育て方・栽培方法 | 植物図鑑,https://lovegreen.net/library/flower/p108511/,花
サンパラソルの育て方・栽培方法 | 植物図鑑,https://lovegreen.net/library/flower/p107082/,花
バラ(ブッシュ・ローズ)の育て方・栽培方法 | 植物図鑑,https://lovegreen.net/library/flower/p93235/,花
クライミング・ローズ(つるバラ)の育て方・栽培方法 | 植物図鑑,https://lovegreen.net/library/flower/p93228/,花
シュラブ・ローズ(半つる性バラ)の育て方・栽培方法 | 植物図鑑,https://lovegreen.net/library/flower/p93226/,花
マダガスカルジャスミンの育て方・栽培方法 | 植物図鑑,https://lovegreen.net/library/flower/p93141/,花
キク(菊)の育て方・栽培方法 | 植物図鑑,https://lovegreen.net/library/flower/p93105/,花
ブライダルベールの育て方・栽培方法 | 植物図鑑,https://lovegreen.net/library/flower/p93150/,花
マンデビラの育て方・栽培方法 | 植物図鑑,https://lovegreen.net/library/flower/p93125/,花
ぺラルゴニウムの育て方・栽培方法 | 植物図鑑,https://lovegreen.net/library/flower/p93067/,花
フジバカマの育て方・栽培方法 | 植物図鑑,https://lovegreen.net/library/flower/p106985/,花
