name,url
あ,https://lovegreen.net/?s&type=vegetables&syllabary=a&library=1
い,https://lovegreen.net/?s&type=vegetables&syllabary=i&library=1
う,https://lovegreen.net/?s&type=vegetables&syllabary=u&library=1
え,https://lovegreen.net/?s&type=vegetables&syllabary=e&library=1
お,https://lovegreen.net/?s&type=vegetables&syllabary=o&library=1
か,https://lovegreen.net/?s&type=vegetables&syllabary=ka&library=1
き,https://lovegreen.net/?s&type=vegetables&syllabary=ki&library=1
く,https://lovegreen.net/?s&type=vegetables&syllabary=ku&library=1
け,https://lovegreen.net/?s&type=vegetables&syllabary=ke&library=1
こ,https://lovegreen.net/?s&type=vegetables&syllabary=ko&library=1
さ,https://lovegreen.net/?s&type=vegetables&syllabary=sa&library=1
し,https://lovegreen.net/?s&type=vegetables&syllabary=shi&library=1
す,https://lovegreen.net/?s&type=vegetables&syllabary=su&library=1
せ,https://lovegreen.net/?s&type=vegetables&syllabary=se&library=1
そ,https://lovegreen.net/?s&type=vegetables&syllabary=so&library=1
た,https://lovegreen.net/?s&type=vegetables&syllabary=ta&library=1
ち,https://lovegreen.net/?s&type=vegetables&syllabary=chi&library=1
つ,https://lovegreen.net/?s&type=vegetables&syllabary=tsu&library=1
て,https://lovegreen.net/?s&type=vegetables&syllabary=te&library=1
と,https://lovegreen.net/?s&type=vegetables&syllabary=to&library=1
な,https://lovegreen.net/?s&type=vegetables&syllabary=na&library=1
に,https://lovegreen.net/?s&type=vegetables&syllabary=ni&library=1
ぬ,https://lovegreen.net/?s&type=vegetables&syllabary=nu&library=1
ね,https://lovegreen.net/?s&type=vegetables&syllabary=ne&library=1
の,https://lovegreen.net/?s&type=vegetables&syllabary=no&library=1
は,https://lovegreen.net/?s&type=vegetables&syllabary=ha&library=1
ひ,https://lovegreen.net/?s&type=vegetables&syllabary=hi&library=1
ふ,https://lovegreen.net/?s&type=vegetables&syllabary=fu&library=1
へ,https://lovegreen.net/?s&type=vegetables&syllabary=he&library=1
ほ,https://lovegreen.net/?s&type=vegetables&syllabary=ho&library=1
ま,https://lovegreen.net/?s&type=vegetables&syllabary=ma&library=1
み,https://lovegreen.net/?s&type=vegetables&syllabary=mi&library=1
む,https://lovegreen.net/?s&type=vegetables&syllabary=mu&library=1
め,https://lovegreen.net/?s&type=vegetables&syllabary=me&library=1
も,https://lovegreen.net/?s&type=vegetables&syllabary=mo&library=1
や,https://lovegreen.net/?s&type=vegetables&syllabary=ya&library=1
ゆ,https://lovegreen.net/?s&type=vegetables&syllabary=yu&library=1
よ,https://lovegreen.net/?s&type=vegetables&syllabary=yo&library=1
ら,https://lovegreen.net/?s&type=vegetables&syllabary=ra&library=1
り,https://lovegreen.net/?s&type=vegetables&syllabary=ri&library=1
る,https://lovegreen.net/?s&type=vegetables&syllabary=ru&library=1
れ,https://lovegreen.net/?s&type=vegetables&syllabary=re&library=1
ろ,https://lovegreen.net/?s&type=vegetables&syllabary=ro&library=1
わ,https://lovegreen.net/?s&type=vegetables&syllabary=wa&library=1
ラディッシュの育て方・栽培方法 | 植物図鑑,https://lovegreen.net/library/vegetables/p89055/
プランタークレソンの育て方・栽培方法 | 植物図鑑,https://lovegreen.net/library/vegetables/p343565/
フキ（蕗）の育て方・栽培方法 | 植物図鑑,https://lovegreen.net/library/vegetables/p123675/
菜の花（ナバナ）の育て方・栽培方法 | 植物図鑑,https://lovegreen.net/library/vegetables/p125786/
ウド（独活）の育て方・栽培方法 | 植物図鑑,https://lovegreen.net/library/vegetables/p340186/
ハバネロの育て方・栽培方法 | 植物図鑑,https://lovegreen.net/library/vegetables/p106192/
レタスの育て方・栽培方法 | 植物図鑑,https://lovegreen.net/library/vegetables/p89062/
トマトの育て方・栽培方法 | 植物図鑑,https://lovegreen.net/library/vegetables/p88981/
ミニトマトの育て方・栽培方法 | 植物図鑑,https://lovegreen.net/library/vegetables/p95435/
空芯菜（クウシンサイ）の育て方・栽培方法 | 植物図鑑,https://lovegreen.net/library/vegetables/p104297/
小玉スイカ（コダマスイカ）,https://lovegreen.net/library/vegetables/p125151/
赤紫蘇（あかじそ）,https://lovegreen.net/library/vegetables/p297296/
エシャロットの育て方・栽培方法 | 植物図鑑,https://lovegreen.net/library/vegetables/p95894/
春菊（シュンギク）の育て方・栽培方法 | 植物図鑑,https://lovegreen.net/library/vegetables/p88938/
アスパラ菜（オータムポエム）の育て方・栽培方法 | 植物図鑑,https://lovegreen.net/library/vegetables/p322260/
サトイモ（里芋）の育て方・栽培方法 | 植物図鑑,https://lovegreen.net/library/vegetables/p115772/
さつまいも（サツマイモ）の育て方・栽培方法 | 植物図鑑,https://lovegreen.net/library/vegetables/p88920/
四角豆（シカクマメ）の育て方・栽培方法 | 植物図鑑,https://lovegreen.net/library/vegetables/p297347/
エンドウ（えんどう豆）の育て方・栽培方法 | 植物図鑑,https://lovegreen.net/library/vegetables/p120401/
サヤエンドウ（絹さや）の育て方・栽培方法 | 植物図鑑,https://lovegreen.net/library/vegetables/p88922/
二十日大根（はつかだいこん）の育て方・栽培方法 | 植物図鑑,https://lovegreen.net/library/vegetables/p292564/
ルッコラの育て方・栽培方法 | 植物図鑑,https://lovegreen.net/library/vegetables/p89059/
カブ（蕪）の育て方・栽培方法 | 植物図鑑,https://lovegreen.net/library/vegetables/p88883/
ビーツ（テーブルビート）の育て方・栽培方法 | 植物図鑑,https://lovegreen.net/library/vegetables/p120845/
チンゲンサイ（青梗菜・チンゲン菜）の育て方・栽培方法 | 植物図鑑,https://lovegreen.net/library/vegetables/p104260/
小松菜（コマツナ）の育て方・栽培方法 | 植物図鑑,https://lovegreen.net/library/vegetables/p99198/
そら豆（ソラマメ）の育て方・栽培方法 | 植物図鑑,https://lovegreen.net/library/vegetables/p120232/
プチヴェールの育て方・栽培方法 | 植物図鑑,https://lovegreen.net/library/vegetables/p145913/
カリフローレ（スティックカリフラワー）の育て方・栽培方法 | 植物図鑑,https://lovegreen.net/library/vegetables/p299466/
つるむらさき（ツルムラサキ）の育て方・栽培方法 | 植物図鑑,https://lovegreen.net/library/vegetables/p93109/
モロヘイヤの育て方・栽培方法 | 植物図鑑,https://lovegreen.net/library/vegetables/p89047/
落花生（ラッカセイ）の育て方・栽培方法 | 植物図鑑,https://lovegreen.net/library/vegetables/p93149/
花オクラ（トロロアオイ）の育て方・栽培方法 | 植物図鑑,https://lovegreen.net/library/vegetables/p295768/
パプリカの育て方・栽培方法 | 植物図鑑,https://lovegreen.net/library/vegetables/p89008/
唐辛子（トウガラシ）の育て方・栽培方法 | 植物図鑑,https://lovegreen.net/library/vegetables/p93117/
ミョウガ（茗荷）の育て方・栽培方法 | 植物図鑑,https://lovegreen.net/library/vegetables/p93060/
ニラの育て方・栽培方法 | 植物図鑑,https://lovegreen.net/library/vegetables/p88991/
三つ葉（ミツバ）の育て方・栽培方法 | 植物図鑑,https://lovegreen.net/library/vegetables/p89041/
マイクロきゅうり（きゅうりメロン）の育て方・栽培方法 | 植物図鑑,https://lovegreen.net/library/vegetables/p281656/
シソ（大葉）の育て方・栽培方法 | 植物図鑑,https://lovegreen.net/library/vegetables/p88929/
ジャガイモ（馬鈴薯）の育て方・栽培方法 | 植物図鑑,https://lovegreen.net/library/vegetables/p88931/
ゴーヤの育て方・栽培方法 | 植物図鑑,https://lovegreen.net/library/vegetables/p88910/
えごま（荏胡麻)の育て方・栽培方法 | 植物図鑑,https://lovegreen.net/library/vegetables/p88866/
ミニズッキーニの育て方・栽培方法 | 植物図鑑,https://lovegreen.net/library/vegetables/p293164/
ズッキーニの育て方・栽培方法 | 植物図鑑,https://lovegreen.net/library/vegetables/p88948/
食用ほおずきの育て方・栽培方法 | 植物図鑑,https://lovegreen.net/library/vegetables/p292268/
スティックセニョールの育て方・栽培方法 | 植物図鑑,https://lovegreen.net/library/vegetables/p291957/
リーフレタスの育て方・栽培方法 | 植物図鑑,https://lovegreen.net/library/vegetables/p292068/
ピーマンの育て方・栽培方法 | 植物図鑑,https://lovegreen.net/library/vegetables/p89010/
キュウリ（胡瓜）の育て方・栽培方法 | 植物図鑑,https://lovegreen.net/library/vegetables/p88893/
ナス（茄子）の育て方・栽培方法 | 植物図鑑,https://lovegreen.net/library/vegetables/p88986/
日野菜（日野菜かぶ）の育て方・栽培方法 | 植物図鑑,https://lovegreen.net/library/vegetables/p291378/
スイスチャードの育て方・栽培方法 | 植物図鑑,https://lovegreen.net/library/vegetables/p98155/
ニンジン（人参）の育て方・栽培方法 | 植物図鑑,https://lovegreen.net/library/vegetables/p92389/
ほうれん草（ホウレンソウ）の育て方・栽培方法 | 植物図鑑,https://lovegreen.net/library/vegetables/p93079/
サイシン（菜心）の育て方・栽培方法 | 植物図鑑,https://lovegreen.net/library/vegetables/p290621/
のらぼう菜の育て方・栽培方法 | 植物図鑑,https://lovegreen.net/library/vegetables/p288311/
そうめんかぼちゃ（金糸瓜）の育て方・栽培方法 | 植物図鑑,https://lovegreen.net/library/vegetables/p282117/
オイスターリーフの育て方・栽培方法 | 植物図鑑,https://lovegreen.net/library/vegetables/p276714/
紫えんどう（ツタンカーメンえんどう）の育て方・栽培方法 | 植物図鑑,https://lovegreen.net/library/vegetables/p267661/
枝豆（エダマメ）の育て方・栽培方法 | 植物図鑑,https://lovegreen.net/library/vegetables/p88867/
イチゴ（苺）の育て方・栽培方法 | 植物図鑑,https://lovegreen.net/library/vegetables/p96408/
スープセロリの育て方・栽培方法 | 植物図鑑,https://lovegreen.net/library/vegetables/p266481/
メロンの育て方・栽培方法 | 植物図鑑,https://lovegreen.net/library/vegetables/p89045/
明日葉(アシタバ)の育て方・栽培方法 | 植物図鑑,https://lovegreen.net/library/vegetables/p120900/
シシトウの育て方・栽培方法 | 植物図鑑,https://lovegreen.net/library/vegetables/p88928/
ルバーブの育て方・栽培方法 | 植物図鑑,https://lovegreen.net/library/vegetables/p89060/
ハヤトウリ（隼人瓜）の育て方・栽培方法 | 植物図鑑,https://lovegreen.net/library/vegetables/p123581/
アイスプラント（アイスプランツ）の育て方・栽培方法 | 植物図鑑,https://lovegreen.net/library/vegetables/p88842/
かいわれ大根の育て方・栽培方法 | 植物図鑑,https://lovegreen.net/library/vegetables/p111796/
水菜(ミズナ)の育て方・栽培方法 | 植物図鑑,https://lovegreen.net/library/vegetables/p99681/
ゴボウ(牛蒡)の育て方・栽培方法 | 植物図鑑,https://lovegreen.net/library/vegetables/p120446/
キャベツの育て方・栽培方法 | 植物図鑑,https://lovegreen.net/library/vegetables/p88892/
わさび（山葵）の育て方・栽培方法 | 植物図鑑,https://lovegreen.net/library/vegetables/p125195/
ラッキョウの育て方・栽培方法 | 植物図鑑,https://lovegreen.net/library/vegetables/p120805/
コールラビの育て方・栽培方法 | 植物図鑑,https://lovegreen.net/library/vegetables/p112819/
カボチャ(南瓜)の育て方・栽培方法 | 植物図鑑,https://lovegreen.net/library/vegetables/p88884/
セリ（芹）の育て方・栽培方法 | 植物図鑑,https://lovegreen.net/library/vegetables/p101479/
芽キャベツの育て方・栽培方法 | 植物図鑑,https://lovegreen.net/library/vegetables/p93147/
スティックブロッコリー（茎ブロッコリー）の育て方・栽培方法 | 植物図鑑,https://lovegreen.net/library/vegetables/p103387/
菊芋（キクイモ）の育て方・栽培方法 | 植物図鑑,https://lovegreen.net/library/vegetables/p109976/
カリフラワーの育て方・栽培方法 | 植物図鑑,https://lovegreen.net/library/vegetables/p88889/
オクラの育て方・栽培方法 | 植物図鑑,https://lovegreen.net/library/vegetables/p88872/
ネギ（葱）の育て方・栽培方法 | 植物図鑑,https://lovegreen.net/library/vegetables/p108854/
タマネギ（玉ねぎ)の育て方・栽培方法 | 植物図鑑,https://lovegreen.net/library/vegetables/p93108/
生姜（ショウガ）の育て方・栽培方法 | 植物図鑑,https://lovegreen.net/library/vegetables/p88939/
セロリの育て方・栽培方法 | 植物図鑑,https://lovegreen.net/library/vegetables/p88954/
こんにゃく(蒟蒻)の育て方・栽培方法 | 植物図鑑,https://lovegreen.net/library/vegetables/p128289/
白菜(ハクサイ)の育て方・栽培方法 | 植物図鑑,https://lovegreen.net/library/vegetables/p93144/
ブロッコリーの育て方・栽培方法 | 植物図鑑,https://lovegreen.net/library/vegetables/p89023/
ニンニク（大蒜）の育て方・栽培方法 | 植物図鑑,https://lovegreen.net/library/vegetables/p88992/
ダイコン（大根）の育て方・栽培方法 | 植物図鑑,https://lovegreen.net/library/vegetables/p93124/
そば（蕎麦）の育て方・栽培方法 | 植物図鑑,https://lovegreen.net/library/vegetables/p125279/
小豆(アズキ)の育て方・栽培方法 | 植物図鑑,https://lovegreen.net/library/vegetables/p100616/
トウモロコシ(とうもろこし)の育て方・栽培方法 | 植物図鑑,https://lovegreen.net/library/vegetables/p88979/
ワケギ（分葱）の育て方・栽培方法 | 植物図鑑,https://lovegreen.net/library/vegetables/p107598/
大豆(ダイズ)の育て方・栽培方法 | 植物図鑑,https://lovegreen.net/library/vegetables/p93131/
スイカ(西瓜)の育て方・栽培方法 | 植物図鑑,https://lovegreen.net/library/vegetables/p88944/
ブロッコリースプラウトの育て方・栽培方法 | 植物図鑑,https://lovegreen.net/library/vegetables/p89024/
ケールの育て方・栽培方法 | 植物図鑑,https://lovegreen.net/library/vegetables/p111765/
オカヒジキの育て方・栽培方法 | 植物図鑑,https://lovegreen.net/library/vegetables/p120234/
九条ネギの育て方・栽培方法 | 植物図鑑,https://lovegreen.net/library/vegetables/p115919/
パセリの育て方・栽培方法 | 植物図鑑,https://lovegreen.net/library/vegetables/p89004/
スナップエンドウの育て方・栽培方法 | 植物図鑑,https://lovegreen.net/library/vegetables/p120233/
クレソンの育て方・栽培方法 | 植物図鑑,https://lovegreen.net/library/vegetables/p88904/
ロマネスコの育て方・栽培方法 | 植物図鑑,https://lovegreen.net/library/vegetables/p94959/
ベビーリーフの育て方・栽培方法 | 植物図鑑,https://lovegreen.net/library/vegetables/p89028/
くわい(クワイ・慈姑)の育て方・栽培方法 | 植物図鑑,https://lovegreen.net/library/vegetables/p121901/
タアサイ(ターサイ)の育て方・栽培方法 | 植物図鑑,https://lovegreen.net/library/vegetables/p115353/
ヤーコンの育て方・栽培方法 | 植物図鑑,https://lovegreen.net/library/vegetables/p95149/
マクワウリ(まくわうり・真桑瓜)の育て方・栽培方法 | 植物図鑑,https://lovegreen.net/library/vegetables/p139053/
アーティチョークの育て方・栽培方法 | 植物図鑑,https://lovegreen.net/library/vegetables/p96163/
アサツキ(あさつき・浅葱)の育て方・栽培方法 | 植物図鑑,https://lovegreen.net/library/vegetables/p120416/
エシャレットの育て方・栽培方法 | 植物図鑑,https://lovegreen.net/library/vegetables/p120803/
おかのりの育て方・栽培方法 | 植物図鑑,https://lovegreen.net/library/vegetables/p124823/
ちょろぎ(チョロギ)の育て方・栽培方法 | 植物図鑑,https://lovegreen.net/library/vegetables/p124583/
たらの芽の育て方・栽培方法 | 植物図鑑,https://lovegreen.net/library/vegetables/p124000/
チコリー(アンディーブ)の育て方・栽培方法 | 植物図鑑,https://lovegreen.net/library/vegetables/p120683/
わさび菜(ワサビナ)の育て方・栽培方法 | 植物図鑑,https://lovegreen.net/library/vegetables/p119908/
野沢菜（のざわな）の育て方・栽培方法 | 植物図鑑,https://lovegreen.net/library/vegetables/p125790/
冬瓜(とうがん)の育て方・栽培方法 | 植物図鑑,https://lovegreen.net/library/vegetables/p121945/
スプラウトの育て方・栽培方法 | 植物図鑑,https://lovegreen.net/library/vegetables/p121436/
ヘチマ(糸瓜)の育て方・栽培方法 | 植物図鑑,https://lovegreen.net/library/vegetables/p123499/
アスパラガスの育て方・栽培方法 | 植物図鑑,https://lovegreen.net/library/vegetables/p88851/
いんげん豆(インゲンマメ)の育て方・栽培方法 | 植物図鑑,https://lovegreen.net/library/vegetables/p102372/
サンチュの育て方・栽培方法 | 植物図鑑,https://lovegreen.net/library/vegetables/p100625/
高菜(タカナ・たか菜)の育て方・栽培方法 | 植物図鑑,https://lovegreen.net/library/vegetables/p120049/
黒キャベツの育て方・栽培方法 | 植物図鑑,https://lovegreen.net/library/vegetables/p101881/
パイナップルの育て方・栽培方法 | 植物図鑑,https://lovegreen.net/library/vegetables/p88995/
ユリ根(ゆり根・百合根)の育て方・栽培方法 | 植物図鑑,https://lovegreen.net/library/vegetables/p121510/
リーキ(ポロネギ・ポワロー)の育て方・栽培方法 | 植物図鑑,https://lovegreen.net/library/vegetables/p121241/
エンダイブ(チコレ)の育て方・栽培方法 | 植物図鑑,https://lovegreen.net/library/vegetables/p120708/
からし菜(カラシナ・芥子菜)の育て方・栽培方法 | 植物図鑑,https://lovegreen.net/library/vegetables/p119936/
アボカドの育て方・栽培方法 | 植物図鑑,https://lovegreen.net/library/vegetables/p105864/
ロメインレタスの育て方・栽培方法 | 植物図鑑,https://lovegreen.net/library/vegetables/p97240/
